Zip Code,Latitude (generated),Longitude (generated),Food Insecurity2
14905,42.0884,-76.8439,0.118
14904,42.07,-76.808,0.159
14903,42.1249,-76.875,0.095
14901,42.0717,-76.7402,0.242
14898,42.0577,-77.4354,0.147
14897,42.0305,-77.7927,0.09
14895,42.0791,-77.9339,0.142
14894,42.022,-76.7672,0.129
14892,42.0477,-76.5245,0.145
14891,42.3782,-76.9502,0.118
14889,42.2099,-76.5775,0.091
14886,42.5086,-76.685,0.092
14885,42.0485,-77.567,0.137
14884,42.4768,-77.8838,0.066
14883,42.2383,-76.4802,0.103
14882,42.5786,-76.563,0.068
14880,42.171,-77.9792,0.128
14879,42.3153,-77.1905,0.126
14878,42.4493,-76.9478,0.052
14877,42.0596,-77.6839,0.127
14874,42.5314,-77.1755,0.072
14873,42.5215,-77.2959,0.126
14872,42.235,-76.8687,0.159
14871,42.0399,-76.9124,0.069
14870,42.1629,-77.1352,0.092
14869,42.3745,-76.7695,0.087
14867,42.3407,-76.6151,0.102
14865,42.3457,-76.8323,0.13
14864,42.2761,-76.8463,0.126
14861,42.0941,-76.6872,0.086
14860,42.5899,-76.8394,0.086
14859,42.1192,-76.5442,0.117
14858,42.0291,-77.1356,0.124
14855,42.1417,-77.5057,0.115
14850,42.4347,-76.5015,0.163
14847,42.6066,-76.7272,0.092
14846,42.5308,-78.0009,0.076
14845,42.2028,-76.8314,0.078
14843,42.3162,-77.6496,0.161
14842,42.5968,-76.9528,0.126
14840,42.4424,-77.1868,0.096
14839,42.1232,-77.6017,0.13
14838,42.187,-76.6671,0.075
14837,42.5018,-77.0135,0.132
14836,42.503,-77.9343,0.084
14830,42.134,-77.0308,0.117
14826,42.4913,-77.4973,0.116
14825,42.058,-76.6173,0.092
14824,42.2662,-76.7016,0.126
14823,42.2394,-77.5677,0.136
14822,42.4314,-77.8473,0.126
14821,42.2334,-77.2152,0.094
14820,42.1872,-77.3643,0.145
14819,42.2181,-77.4317,0.178
14818,42.4412,-76.8227,0.092
14817,42.3663,-76.3449,0.142
14816,42.1871,-76.7373,0.059
14815,42.3743,-77.093,0.14
14814,42.1486,-76.9492,0.06
14813,42.2464,-77.9868,0.149
14812,42.2913,-76.994,0.112
14810,42.3486,-77.3435,0.155
14809,42.4215,-77.446,0.159
14807,42.4172,-77.7195,0.103
14806,42.157,-77.7921,0.123
14805,42.3596,-76.7254,0.102
14804,42.3134,-77.8469,0.103
14803,42.2489,-77.779,0.12
14802,42.2538,-77.7893,0.245
14801,42.1006,-77.2849,0.146
14788,42.0622,-78.3775,0.155
14787,42.3131,-79.5684,0.137
14784,42.3156,-79.3816,0.162
14783,42.1081,-78.9044,0.151
14782,42.2652,-79.2573,0.159
14781,42.1631,-79.6043,0.094
14779,42.106,-78.7705,0.183
14777,42.3883,-78.2133,0.084
14775,42.2327,-79.694,0.104
14774,42.0883,-78.1536,0.131
14772,42.1345,-78.9408,0.124
14770,42.0424,-78.3034,0.113
14769,42.3696,-79.4754,0.113
14767,42.0534,-79.509,0.158
14760,42.0733,-78.4132,0.155
14757,42.2369,-79.4979,0.122
14755,42.2383,-78.8153,0.113
14754,42.0241,-78.2004,0.091
14753,42.0419,-78.6412,0.117
14750,42.0856,-79.3306,0.093
14748,42.1367,-78.6366,0.166
14747,42.1542,-79.093,0.128
14744,42.4196,-78.2204,0.12
14743,42.2046,-78.4042,0.136
14741,42.2175,-78.5985,0.098
14740,42.2197,-79.1778,0.09
14739,42.1907,-78.1485,0.174
14738,42.0463,-79.0572,0.082
14737,42.3351,-78.4321,0.14
14736,42.1408,-79.748,0.097
14735,42.4526,-78.0984,0.142
14733,42.1497,-79.1743,0.12
14731,42.3006,-78.6502,0.073
14729,42.403,-78.7386,0.085
14728,42.261,-79.4143,0.09
14727,42.208,-78.2933,0.114
14726,42.2478,-79.0243,0.181
14724,42.0546,-79.6702,0.091
14723,42.3106,-79.1307,0.101
14720,42.1105,-79.2788,0.201
14719,42.3399,-78.8825,0.125
14718,42.3451,-79.2834,0.098
14717,42.3623,-78.1971,0.123
14716,42.3787,-79.4337,0.164
14715,42.0737,-78.1485,0.15
14714,42.2882,-78.2323,0.115
14712,42.1765,-79.3718,0.093
14711,42.3255,-78.124,0.123
14710,42.0907,-79.4166,0.087
14709,42.3529,-77.9827,0.125
14708,42.0145,-78.0495,0.066
14707,42.0846,-78.0684,0.085
14706,42.1046,-78.5283,0.108
14701,42.0792,-79.2581,0.162
14626,43.2141,-77.7135,0.094
14625,43.1487,-77.5053,0.064
14624,43.1271,-77.7297,0.095
14623,43.0881,-77.6425,0.167
14622,43.2138,-77.5569,0.08
14621,43.1863,-77.6018,0.298
14620,43.1291,-77.6065,0.187
14619,43.1363,-77.6493,0.281
14618,43.1126,-77.5555,0.077
14617,43.2242,-77.5951,0.073
14616,43.234,-77.655,0.106
14615,43.2049,-77.655,0.19
14613,43.1828,-77.6402,0.265
14612,43.2648,-77.6753,0.094
14611,43.1372,-77.6325,0.343
14610,43.1432,-77.5468,0.105
14609,43.1767,-77.5545,0.187
14608,43.1539,-77.6239,0.406
14607,43.1512,-77.5874,0.192
14606,43.1711,-77.6983,0.177
14605,43.1681,-77.6016,0.348
14604,43.1567,-77.6056,0.269
14591,42.8271,-78.0935,0.082
14590,43.2445,-76.8286,0.132
14589,43.2417,-77.1805,0.098
14586,43.0417,-77.6869,0.111
14580,43.2196,-77.4424,0.079
14572,42.5658,-77.5704,0.126
14571,43.3428,-78.2519,0.135
14569,42.7393,-78.1745,0.155
14568,43.1475,-77.2808,0.055
14564,42.9832,-77.4241,0.056
14561,42.8236,-77.1333,0.085
14560,42.6846,-77.5767,0.098
14559,43.1887,-77.818,0.082
14555,43.2605,-76.9955,0.138
14551,43.2171,-77.0493,0.14
14550,42.6758,-78.0992,0.121
14548,42.9785,-77.247,0.109
14546,43.0316,-77.7746,0.104
14545,42.6627,-77.7114,0.09
14544,42.7595,-77.2444,0.101
14543,42.9875,-77.6772,0.044
14541,42.7616,-76.8498,0.11
14537,43.0344,-77.1578,0.172
14536,42.5427,-78.0893,0.154
14534,43.0561,-77.5205,0.049
14533,42.8436,-77.887,0.069
14532,42.9622,-77.0263,0.089
14530,42.7358,-78.0038,0.11
14527,42.6658,-77.0549,0.121
14526,43.1514,-77.4478,0.064
14525,42.8733,-78.0132,0.111
14522,43.0608,-77.2202,0.118
14521,42.6791,-76.8152,0.126
14519,43.2308,-77.3147,0.074
14517,42.5911,-77.8952,0.131
14516,43.1966,-76.9138,0.09
14514,43.1159,-77.7998,0.112
14513,43.0726,-77.0947,0.156
14512,42.6473,-77.3899,0.105
14511,42.9914,-77.8683,0.202
14510,42.692,-77.8785,0.13
14507,42.7015,-77.278,0.117
14505,43.1606,-77.1719,0.084
14504,42.9685,-77.2322,0.101
14502,43.0955,-77.3347,0.066
14489,43.0874,-76.9886,0.157
14487,42.8127,-77.6383,0.081
14486,42.8925,-77.9233,0.153
14485,42.8816,-77.6005,0.071
14482,42.9744,-77.9689,0.111
14481,42.7738,-77.9193,0.094
14480,42.8388,-77.7069,0.307
14477,43.3359,-78.1373,0.1
14476,43.3302,-78.0421,0.115
14472,42.9675,-77.5781,0.066
14471,42.7522,-77.4933,0.037
14470,43.2121,-78.0524,0.103
14469,42.8798,-77.4672,0.102
14468,43.2913,-77.8069,0.075
14467,43.0402,-77.6088,0.113
14466,42.7772,-77.5846,0.051
14464,43.3269,-77.9327,0.093
14462,42.6885,-77.7557,0.102
14456,42.8424,-76.9965,0.133
14454,42.7963,-77.772,0.161
14450,43.0914,-77.4166,0.077
14445,43.1128,-77.4905,0.138
14441,42.6851,-76.9567,0.135
14437,42.5759,-77.737,0.134
14435,42.7179,-77.6631,0.089
14433,43.0813,-76.8768,0.112
14432,42.9569,-77.1454,0.093
14428,43.078,-77.8647,0.074
14427,42.621,-78.0529,0.1
14425,42.987,-77.337,0.093
14424,42.846,-77.3107,0.108
14423,42.9446,-77.8276,0.09
14422,43.081,-78.0668,0.085
14420,43.2126,-77.9354,0.121
14418,42.6051,-77.2135,0.069
14416,43.08,-77.9807,0.1
14414,42.8936,-77.7355,0.081
14411,43.2307,-78.2101,0.15
14305,43.1254,-79.019,0.244
14304,43.0993,-78.9527,0.111
14303,43.0852,-79.0372,0.245
14301,43.0969,-79.0358,0.286
14228,43.0422,-78.7811,0.148
14227,42.8861,-78.7621,0.097
14226,42.9706,-78.7987,0.105
14225,42.9292,-78.7508,0.126
14224,42.838,-78.7482,0.088
14223,42.9736,-78.8459,0.075
14222,42.9205,-78.8767,0.159
14221,42.9801,-78.7226,0.072
14220,42.8458,-78.8237,0.122
14219,42.7885,-78.8271,0.129
14218,42.8194,-78.8283,0.173
14217,42.9718,-78.8753,0.097
14216,42.9471,-78.8614,0.133
14215,42.9336,-78.8091,0.314
14214,42.9406,-78.8371,0.226
14213,42.9165,-78.8913,0.229
14212,42.894,-78.8211,0.291
14211,42.9074,-78.8189,0.341
14210,42.8633,-78.8277,0.206
14209,42.9124,-78.8654,0.254
14208,42.9161,-78.853,0.347
14207,42.9532,-78.8981,0.235
14206,42.8808,-78.8114,0.186
14204,42.8817,-78.8613,0.307
14203,42.8671,-78.8758,0.279
14202,42.8869,-78.8777,0.176
14201,42.8961,-78.8863,0.201
14174,43.2409,-79.0019,0.081
14173,42.53,-78.4731,0.127
14172,43.2833,-78.8174,0.083
14171,42.4196,-78.6409,0.108
14170,42.7018,-78.672,0.093
14167,42.745,-78.3227,0.111
14150,42.9982,-78.878,0.091
14145,42.7318,-78.4271,0.068
14143,42.9768,-78.0786,0.093
14141,42.5229,-78.7082,0.088
14139,42.7167,-78.534,0.068
14138,42.3737,-79.0485,0.109
14136,42.5233,-79.1683,0.126
14135,42.4883,-79.2375,0.351
14132,43.1489,-78.8778,0.085
14131,43.2362,-78.8988,0.096
14129,42.4826,-79.0108,0.15
14127,42.7512,-78.7439,0.057
14126,43.3367,-78.7228,0.179
14125,43.0849,-78.276,0.103
14120,43.0737,-78.8366,0.1
14113,42.6681,-78.3373,0.076
14111,42.5823,-78.8976,0.099
14108,43.2627,-78.7268,0.084
14105,43.1914,-78.4835,0.078
14103,43.2123,-78.3776,0.128
14101,42.3873,-78.542,0.103
14098,43.3339,-78.3777,0.089
14094,43.1583,-78.7008,0.114
14092,43.1709,-78.9945,0.077
14091,42.5439,-78.8819,0.081
14086,42.9075,-78.6295,0.066
14085,42.7141,-78.9291,0.048
14081,42.5632,-79.0651,0.127
14080,42.6437,-78.546,0.082
14075,42.7147,-78.8329,0.088
14072,43.0184,-78.9638,0.08
14070,42.4412,-78.9261,0.145
14069,42.6033,-78.6338,0.052
14068,43.0269,-78.7586,0.081
14067,43.2169,-78.5677,0.07
14066,42.6271,-78.1848,0.091
14065,42.4878,-78.3148,0.114
14063,42.4124,-79.3271,0.134
14062,42.4439,-79.1515,0.128
14061,42.5944,-79.0914,0.142
14060,42.4302,-78.3024,0.071
14059,42.8319,-78.6366,0.047
14058,43.0981,-78.1612,0.045
14057,42.6456,-78.8782,0.07
14055,42.5541,-78.6033,0.082
14054,42.914,-78.1293,0.061
14052,42.77,-78.5803,0.069
14051,43.0421,-78.699,0.042
14048,42.4811,-79.308,0.136
14047,42.6841,-78.9904,0.091
14043,42.9,-78.707,0.097
14042,42.4691,-78.4833,0.148
14041,42.4022,-78.9736,0.111
14040,42.8897,-78.3834,0.085
14039,42.8379,-78.1623,0.132
14037,42.8033,-78.4511,0.077
14036,42.9745,-78.3846,0.088
14034,42.4984,-78.8632,0.099
14033,42.6605,-78.6852,0.065
14032,43.0458,-78.6299,0.04
14031,42.9855,-78.6127,0.083
14030,42.5623,-78.5045,0.078
14028,43.3152,-78.7206,0.106
14026,42.9424,-78.6874,0.069
14025,42.6234,-78.7261,0.075
14024,42.579,-78.2436,0.099
14020,42.9973,-78.2167,0.124
14013,43.0809,-78.398,0.113
14012,43.3328,-78.5231,0.076
14011,42.8328,-78.2949,0.104
14009,42.5797,-78.3924,0.124
14008,43.3132,-78.6288,0.119
14006,42.6303,-79.0239,0.107
14005,42.9187,-78.2448,0.088
14004,42.8958,-78.5118,0.09
14001,43.0313,-78.513,0.075
13905,42.182,-75.9442,0.21
13904,42.1306,-75.8165,0.155
13903,42.0475,-75.8984,0.142
13901,42.1831,-75.8793,0.169
13865,42.0632,-75.6354,0.077
13864,42.2965,-76.3868,0.097
13863,42.4417,-75.9042,0.13
13862,42.3366,-75.9378,0.09
13856,42.1734,-75.1558,0.155
13850,42.0493,-76.0258,0.088
13849,42.3454,-75.3113,0.113
13846,42.3631,-75.0517,0.114
13844,42.6096,-75.6826,0.131
13843,42.5261,-75.3745,0.109
13842,42.3795,-74.7211,0.084
13841,42.4017,-75.8236,0.211
13838,42.2806,-75.3917,0.161
13835,42.3871,-76.1711,0.141
13833,42.2,-75.7686,0.119
13832,42.6548,-75.6769,0.201
13830,42.4403,-75.6262,0.107
13827,42.1128,-76.2544,0.111
13825,42.4431,-75.1995,0.085
13820,42.4773,-75.0353,0.154
13815,42.5494,-75.5314,0.133
13813,42.1692,-75.5423,0.216
13812,42.0302,-76.3537,0.106
13811,42.2309,-76.1755,0.082
13810,42.616,-75.1104,0.103
13809,42.4081,-75.3929,0.119
13808,42.5281,-75.2601,0.13
13807,42.6098,-74.9847,0.1
13806,42.375,-74.9945,0.075
13804,42.2087,-75.3722,0.121
13803,42.4583,-76.064,0.098
13801,42.5022,-75.7824,0.165
13797,42.3314,-76.0443,0.113
13796,42.5464,-75.1413,0.094
13795,42.0604,-75.7797,0.13
13790,42.1685,-75.9989,0.146
13788,42.3483,-74.6555,0.174
13787,42.2038,-75.666,0.167
13786,42.4487,-74.694,0.128
13783,41.9913,-75.2646,0.104
13782,42.1656,-74.9832,0.089
13780,42.428,-75.4789,0.111
13778,42.344,-75.7508,0.105
13777,42.2571,-75.9883,0.153
13776,42.4465,-75.3613,0.163
13775,42.3403,-75.1417,0.096
13760,42.1335,-76.0827,0.118
13757,42.4112,-74.9025,0.085
13756,42.0222,-75.1166,0.113
13755,42.0604,-75.0167,0.113
13754,42.0933,-75.4291,0.137
13753,42.3065,-74.9246,0.119
13752,42.1785,-74.9011,0.088
13748,42.0359,-75.82,0.111
13746,42.2737,-75.7538,0.128
13744,42.2475,-75.9072,0.098
13743,42.2187,-76.3393,0.083
13740,42.2752,-74.7449,0.084
13739,42.3681,-74.7919,0.094
13736,42.318,-76.1991,0.119
13734,42.0759,-76.4087,0.155
13733,42.3064,-75.4792,0.085
13732,42.0436,-76.168,0.065
13731,42.1301,-74.7887,0.125
13730,42.2319,-75.5341,0.105
13697,44.7458,-74.8098,0.131
13694,44.8522,-75.1495,0.102
13693,44.0332,-76.2892,0.102
13691,44.229,-75.7819,0.122
13690,44.1101,-74.995,0.123
13687,44.4725,-74.8187,0.147
13685,43.9347,-76.1017,0.144
13684,44.3588,-75.0457,0.1
13682,43.8472,-75.8834,0.039
13681,44.4275,-75.3833,0.128
13680,44.5867,-75.3456,0.159
13679,44.324,-75.7733,0.156
13676,44.6478,-74.9046,0.151
13673,44.1433,-75.6973,0.124
13672,44.4793,-74.694,0.107
13669,44.643,-75.4992,0.142
13668,44.7528,-74.9863,0.134
13667,44.8426,-74.9612,0.134
13666,44.1963,-74.9568,0.25
13665,44.0493,-75.4507,0.098
13664,44.5841,-75.6453,0.1
13662,44.9357,-74.8785,0.172
13661,43.7137,-76.0946,0.101
13660,44.7704,-75.1601,0.163
13659,43.7395,-75.8676,0.159
13658,44.7372,-75.2776,0.12
13656,44.1856,-75.9513,0.122
13655,44.9773,-74.6442,0.206
13654,44.5717,-75.4542,0.157
13652,44.436,-75.2132,0.111
13650,43.8051,-76.2047,0.097
13648,44.1451,-75.3234,0.173
13646,44.4398,-75.6782,0.173
13642,44.3374,-75.4681,0.176
13639,44.2737,-75.1617,0.118
13638,44.0215,-75.7462,0.101
13637,44.0966,-75.8293,0.161
13636,43.7396,-76.1267,0.106
13635,44.3002,-75.2581,0.196
13634,44.011,-76.0775,0.11
13633,44.4862,-75.4788,0.113
13630,44.496,-75.3172,0.143
13628,44.0356,-75.6842,0.189
13626,43.8519,-75.7123,0.119
13625,44.537,-74.9222,0.106
13624,44.2082,-76.105,0.106
13622,44.0943,-76.1111,0.134
13621,44.8292,-75.0722,0.214
13620,43.8955,-75.4506,0.159
13619,44.0003,-75.6009,0.147
13618,44.1143,-76.2738,0.111
13617,44.5771,-75.1504,0.15
13616,44.0275,-75.8484,0.144
13615,44.0067,-75.9876,0.087
13613,44.8622,-74.737,0.132
13612,43.9885,-75.77,0.113
13608,44.2095,-75.5774,0.186
13607,44.3098,-75.9275,0.15
13606,43.8718,-76.017,0.127
13605,43.8067,-76.0477,0.127
13603,44.0478,-75.7609,0.218
13601,43.966,-75.9066,0.163
13502,43.1413,-75.1618,0.172
13501,43.0816,-75.2262,0.222
13495,43.1103,-75.2794,0.106
13494,43.531,-75.1496,0.149
13493,43.4342,-75.9,0.124
13492,43.1187,-75.3249,0.079
13491,42.8588,-75.177,0.091
13490,43.1053,-75.4244,0.084
13489,43.4673,-75.531,0.163
13488,42.6957,-74.7555,0.081
13486,43.3463,-75.3531,0.12
13485,42.7911,-75.3186,0.102
13480,42.9128,-75.3634,0.103
13478,43.1485,-75.582,0.108
13476,43.0879,-75.5111,0.075
13473,43.6507,-75.4439,0.052
13471,43.4186,-75.6215,0.139
13470,43.1905,-74.6335,0.106
13469,43.2202,-75.2976,0.05
13468,42.8442,-74.8651,0.12
13464,42.6836,-75.6165,0.122
13461,43.0706,-75.5998,0.079
13460,42.6887,-75.4548,0.108
13459,42.7765,-74.5934,0.159
13456,43.0013,-75.2627,0.084
13454,43.1593,-74.748,0.162
13452,43.0378,-74.6208,0.147
13450,42.7048,-74.8043,0.08
13440,43.2149,-75.46,0.124
13439,42.8549,-74.9941,0.129
13438,43.3535,-75.1553,0.1
13437,43.6003,-75.7977,0.108
13436,43.8135,-74.7197,0.271
13435,43.3049,-75.1501,0.073
13433,43.5911,-75.2601,0.125
13431,43.211,-75.0754,0.113
13428,42.9209,-74.5317,0.14
13425,42.9635,-75.4887,0.128
13424,43.153,-75.362,0.096
13421,43.0636,-75.6461,0.13
13420,43.5919,-75.0731,0.068
13418,42.8368,-75.3839,0.105
13417,43.1008,-75.293,0.13
13416,43.1914,-74.9521,0.095
13415,42.5866,-75.1925,0.13
13413,43.0591,-75.2787,0.081
13411,42.6334,-75.3094,0.157
13409,42.9786,-75.5937,0.084
13408,42.9255,-75.668,0.092
13407,42.967,-74.9445,0.129
13406,43.1434,-74.9209,0.109
13404,43.7375,-75.47,0.134
13403,43.1729,-75.2732,0.085
13402,42.8997,-75.4972,0.121
13368,43.6414,-75.274,0.141
13367,43.8681,-75.1785,0.122
13365,43.143,-74.8297,0.142
13363,43.3318,-75.5083,0.077
13362,42.9864,-75.5175,0.181
13361,42.8983,-74.853,0.115
13360,43.734,-74.718,0.138
13357,42.9668,-75.0828,0.15
13355,42.8096,-75.4342,0.06
13354,43.2634,-75.2685,0.049
13350,43.0632,-74.9892,0.153
13348,42.7053,-75.0638,0.122
13346,42.8227,-75.5423,0.103
13343,43.7591,-75.2653,0.113
13342,42.6463,-75.1774,0.091
13340,43.0512,-75.1144,0.117
13339,42.9404,-74.6689,0.131
13338,43.4587,-75.0886,0.128
13337,42.7501,-74.9803,0.129
13335,42.7096,-75.2485,0.072
13333,42.8377,-74.8147,0.154
13332,42.7597,-75.5817,0.103
13329,43.1079,-74.7293,0.12
13328,42.9828,-75.4272,0.075
13327,43.9616,-75.2833,0.095
13326,42.7195,-74.9044,0.1
13325,43.5849,-75.5308,0.12
13324,43.4291,-74.896,0.15
13323,43.0426,-75.3813,0.08
13322,42.9707,-75.2027,0.115
13321,43.0892,-75.3698,0.148
13320,42.7762,-74.7408,0.09
13319,43.0268,-75.2704,0.138
13318,42.9211,-75.2579,0.072
13317,42.8543,-74.5897,0.142
13316,43.3913,-75.7515,0.105
13315,42.7419,-75.132,0.098
13314,42.8149,-75.348,0.139
13313,42.8792,-75.2514,0.121
13312,43.6886,-75.2925,0.088
13310,42.8971,-75.5693,0.138
13309,43.4774,-75.3433,0.13
13308,43.2217,-75.7303,0.128
13305,43.8869,-75.4278,0.076
13304,43.244,-75.1592,0.101
13303,43.3705,-75.4657,0.082
13302,43.4968,-75.9671,0.155
13224,43.0368,-76.1027,0.183
13219,43.0393,-76.2222,0.081
13215,42.9786,-76.2317,0.069
13214,43.0382,-76.0745,0.097
13212,43.1272,-76.1279,0.112
13211,43.1015,-76.1224,0.138
13210,43.03,-76.1261,0.286
13209,43.0872,-76.2414,0.103
13208,43.0789,-76.1459,0.233
13207,43.0128,-76.1635,0.207
13206,43.0735,-76.1059,0.164
13205,43.0045,-76.1419,0.306
13204,43.0535,-76.1775,0.245
13203,43.0612,-76.1348,0.241
13202,43.0436,-76.1505,0.409
13167,43.3129,-76.0608,0.136
13166,43.07,-76.5561,0.104
13165,42.913,-76.8778,0.109
13164,43.0937,-76.318,0.074
13160,42.8256,-76.6659,0.077
13159,42.8018,-76.1144,0.086
13158,42.7155,-75.977,0.122
13157,43.2007,-75.7264,0.144
13156,43.3329,-76.661,0.104
13155,42.655,-75.7764,0.135
13152,42.8909,-76.3853,0.067
13148,42.9085,-76.78,0.12
13147,42.7743,-76.565,0.081
13146,43.0922,-76.759,0.1
13145,43.6534,-76.1228,0.093
13144,43.5712,-75.9738,0.191
13143,43.2312,-76.7139,0.097
13142,43.5536,-76.1293,0.137
13141,42.764,-76.1837,0.12
13140,43.0593,-76.6588,0.105
13136,42.6034,-75.8446,0.109
13135,43.2615,-76.3176,0.13
13132,43.2639,-76.2457,0.093
13131,43.4211,-76.0929,0.134
13126,43.4348,-76.4668,0.15
13124,42.6577,-75.8244,0.101
13122,42.8415,-75.8631,0.085
13120,42.9392,-76.174,0.114
13118,42.7532,-76.3941,0.107
13117,43.01,-76.7036,0.094
13116,43.0748,-76.0075,0.069
13114,43.4657,-76.2442,0.127
13113,43.1656,-76.5372,0.115
13112,43.1035,-76.419,0.098
13111,43.2597,-76.6216,0.13
13110,42.8879,-76.2848,0.064
13108,42.9704,-76.3307,0.055
13104,42.9595,-75.9544,0.072
13101,42.6042,-76.069,0.102
13092,42.6523,-76.42,0.073
13090,43.1526,-76.2142,0.098
13088,43.1079,-76.1897,0.106
13087,42.6958,-76.1647,0.061
13084,42.8886,-76.112,0.097
13083,43.6458,-75.9884,0.124
13082,43.1038,-75.9576,0.109
13081,42.6725,-76.6297,0.087
13080,43.0838,-76.4774,0.094
13078,42.9628,-76.0614,0.074
13077,42.7171,-76.2054,0.088
13076,43.3562,-76.1507,0.127
13074,43.3085,-76.5484,0.138
13073,42.5852,-76.3948,0.102
13072,42.7603,-75.7607,0.098
13071,42.6721,-76.5458,0.093
13069,43.3317,-76.3816,0.158
13068,42.4993,-76.3577,0.116
13066,43.0356,-75.9975,0.069
13063,42.8435,-75.9822,0.033
13061,42.8653,-75.7519,0.111
13060,43.0236,-76.4218,0.089
13057,43.0949,-76.0404,0.109
13054,43.1688,-75.6722,0.178
13053,42.475,-76.2669,0.09
13052,42.7391,-75.8669,0.102
13045,42.5859,-76.1836,0.128
13044,43.2996,-75.9861,0.054
13042,43.2664,-75.8543,0.186
13041,43.1907,-76.1971,0.071
13040,42.5635,-75.9375,0.099
13039,43.1684,-76.0695,0.072
13037,43.061,-75.8636,0.068
13036,43.3229,-76.1775,0.124
13035,42.9389,-75.8279,0.07
13034,42.9299,-76.7145,0.075
13033,43.1855,-76.5682,0.081
13032,43.0778,-75.7619,0.115
13031,43.0468,-76.3056,0.075
13030,43.1583,-75.952,0.086
13029,43.2147,-76.0262,0.125
13028,43.2895,-75.9136,0.122
13027,43.167,-76.3627,0.084
13026,42.7438,-76.6759,0.08
13021,42.9197,-76.5567,0.135
13020,42.8186,-76.0728,0.203
12998,44.0832,-73.5758,0.072
12997,44.384,-73.8392,0.08
12996,44.3626,-73.4259,0.076
12993,44.1911,-73.4793,0.092
12992,44.8163,-73.5184,0.104
12989,44.5381,-74.0654,0.08
12987,44.3402,-73.7633,0.11
12986,44.2073,-74.4479,0.126
12985,44.5657,-73.7438,0.106
12983,44.3525,-74.0256,0.141
12981,44.6267,-73.84,0.098
12980,44.5732,-74.5342,0.175
12979,44.9899,-73.3737,0.108
12976,44.4622,-74.1663,0.184
12974,44.0568,-73.4731,0.135
12973,44.2965,-74.5813,0.149
12972,44.5553,-73.5666,0.059
12970,44.4858,-74.3237,0.11
12969,44.7025,-74.0872,0.113
12967,44.77,-74.6643,0.156
12966,44.7954,-74.417,0.162
12965,44.7162,-74.6487,0.149
12964,44.1323,-73.6448,0.151
12962,44.7067,-73.6019,0.104
12960,44.0229,-73.5416,0.097
12959,44.9601,-73.706,0.094
12958,44.9595,-73.577,0.146
12957,44.8545,-74.5751,0.173
12956,44.093,-73.5174,0.12
12955,44.7989,-73.96,0.079
12953,44.7385,-74.2635,0.141
12952,44.7145,-73.9143,0.399
12950,44.3273,-73.5752,0.073
12946,44.234,-73.9881,0.123
12944,44.4434,-73.5112,0.143
12942,44.2577,-73.7981,0.092
12941,44.352,-73.7116,0.103
12937,44.9616,-74.479,0.145
12936,44.2724,-73.4006,0.109
12935,44.8324,-73.7929,0.136
12934,44.8661,-73.8855,0.121
12932,44.2059,-73.6073,0.136
12930,44.7233,-74.5403,0.127
12929,44.7214,-73.7242,0.162
12928,43.9548,-73.5244,0.154
12927,44.2068,-74.8442,0.09
12926,44.9519,-74.3192,0.109
12924,44.4801,-73.5687,0.175
12923,44.9569,-73.9397,0.108
12922,44.3469,-74.7815,0.166
12921,44.8917,-73.4388,0.091
12920,44.8764,-74.0601,0.139
12919,44.9678,-73.4504,0.154
12918,44.7007,-73.6503,0.071
12917,44.9237,-74.1772,0.091
12916,44.8352,-74.5182,0.155
12914,44.929,-74.5983,0.136
12913,44.4227,-74.0205,0.091
12912,44.4639,-73.7484,0.111
12910,44.856,-73.6505,0.111
12903,44.657,-73.4617,0.076
12901,44.7051,-73.4746,0.153
12887,43.5542,-73.3797,0.137
12885,43.5212,-73.8721,0.116
12884,43.0878,-73.5944,0.112
12883,43.8339,-73.5008,0.131
12878,43.4412,-74.0464,0.124
12873,43.1218,-73.3088,0.055
12871,43.0931,-73.6106,0.08
12870,43.8594,-73.7813,0.059
12866,43.0788,-73.74,0.102
12865,43.2154,-73.3412,0.12
12861,43.7502,-73.416,0.116
12860,43.7404,-73.8184,0.172
12859,43.1677,-73.9094,0.109
12857,43.8202,-73.9111,0.067
12855,44.0035,-73.8151,0.102
12853,43.6815,-74.0124,0.161
12852,44.0085,-74.1493,0.089
12851,43.857,-74.0479,0.137
12850,43.1074,-73.9846,0.093
12847,43.9839,-74.5801,0.061
12846,43.3341,-73.8065,0.085
12845,43.4285,-73.7092,0.098
12844,43.4948,-73.6411,0.123
12843,43.6323,-74.1734,0.104
12842,43.7567,-74.292,0.086
12839,43.3477,-73.5523,0.162
12838,43.3408,-73.4086,0.1
12837,43.5114,-73.2653,0.119
12836,43.7641,-73.5547,0.098
12835,43.3257,-73.9969,0.094
12834,43.0956,-73.5022,0.08
12833,43.1388,-73.8408,0.094
12832,43.3736,-73.3177,0.144
12831,43.1952,-73.6886,0.069
12828,43.2523,-73.5632,0.103
12827,43.4507,-73.5134,0.099
12824,43.5366,-73.6985,0.076
12822,43.2419,-73.8885,0.098
12821,43.4598,-73.4088,0.16
12819,43.5994,-73.4917,0.107
12817,43.6402,-73.8287,0.093
12816,43.0514,-73.3715,0.114
12815,43.6962,-73.6817,0.083
12814,43.6103,-73.6274,0.088
12810,43.475,-73.8694,0.064
12809,43.2422,-73.4613,0.109
12804,43.3423,-73.6822,0.09
12803,43.2868,-73.6338,0.1
12801,43.3107,-73.6454,0.147
12792,41.5231,-74.9355,0.191
12791,41.8088,-74.8734,0.206
12790,41.5878,-74.5234,0.106
12789,41.7099,-74.5673,0.149
12788,41.7876,-74.5889,0.14
12787,41.793,-74.823,0.07
12785,41.4939,-74.5594,0.135
12783,41.7391,-74.839,0.152
12781,41.6214,-74.4511,0.092
12780,41.4453,-74.7181,0.109
12779,41.7025,-74.6318,0.157
12777,41.5528,-74.7116,0.064
12776,41.9602,-74.9347,0.085
12775,41.6206,-74.5841,0.061
12771,41.3751,-74.6251,0.125
12770,41.4476,-74.8556,0.131
12769,41.6392,-74.4461,0.111
12768,41.8742,-74.7125,0.08
12767,41.8447,-75.0075,0.062
12766,41.8138,-74.982,0.107
12765,41.8623,-74.6189,0.093
12764,41.5949,-74.9847,0.137
12763,41.6803,-74.5332,0.065
12762,41.6573,-74.7955,0.127
12760,41.9015,-75.1045,0.11
12759,41.7747,-74.6609,0.242
12758,41.9397,-74.7535,0.132
12754,41.7983,-74.7332,0.161
12752,41.6804,-74.997,0.128
12751,41.6932,-74.6651,0.181
12750,41.7426,-74.9571,0.127
12748,41.785,-74.9172,0.064
12747,41.8004,-74.6536,0.182
12746,41.4421,-74.657,0.04
12743,41.5431,-74.8476,0.172
12741,41.8426,-75.0792,0.237
12740,41.8953,-74.4736,0.074
12738,41.6591,-74.5822,0.028
12737,41.5019,-74.8012,0.11
12736,41.8485,-75.0171,0.106
12734,41.7369,-74.7542,0.046
12733,41.7289,-74.6077,0.211
12732,41.5654,-74.8738,0.116
12729,41.4944,-74.623,0.129
12726,41.695,-74.976,0.075
12725,41.9642,-74.5472,0.082
12724,41.8367,-74.9469,0.132
12723,41.7799,-75.0675,0.095
12721,41.5685,-74.4288,0.111
12719,41.4919,-74.917,0.154
12701,41.6508,-74.6988,0.211
12603,41.6774,-73.8646,0.095
12601,41.7035,-73.9146,0.205
12594,41.6821,-73.5399,0.12
12592,41.7933,-73.5554,0.098
12590,41.5908,-73.8958,0.082
12589,41.6261,-74.1581,0.096
12586,41.5662,-74.1784,0.094
12585,41.7252,-73.7022,0.079
12583,42.0597,-73.8754,0.115
12582,41.5404,-73.7339,0.064
12581,41.908,-73.693,0.085
12580,41.8552,-73.8734,0.117
12578,41.8072,-73.794,0.108
12577,41.4232,-74.1164,0.082
12575,41.4853,-74.1575,0.012
12574,41.9194,-73.9517,0.053
12572,41.9246,-73.8763,0.091
12571,42.0075,-73.8169,0.082
12570,41.6198,-73.6716,0.042
12569,41.7347,-73.7961,0.094
12567,41.9874,-73.6526,0.117
12566,41.6245,-74.339,0.085
12565,42.2519,-73.6427,0.166
12564,41.5779,-73.586,0.09
12563,41.4957,-73.5883,0.083
12561,41.7554,-74.0935,0.128
12553,41.4617,-74.0686,0.069
12550,41.5388,-74.0449,0.123
12549,41.5303,-74.2566,0.049
12548,41.662,-74.0997,0.122
12547,41.6545,-73.9776,0.087
12546,41.9646,-73.5336,0.068
12545,41.79,-73.6749,0.102
12543,41.4942,-74.204,0.132
12542,41.6154,-73.9948,0.085
12540,41.6705,-73.7237,0.059
12538,41.7958,-73.896,0.08
12534,42.2234,-73.7521,0.147
12533,41.5598,-73.794,0.062
12531,41.5369,-73.67,0.064
12529,42.2151,-73.5404,0.1
12528,41.7315,-73.9974,0.108
12526,42.1211,-73.8594,0.064
12525,41.6829,-74.181,0.111
12524,41.5301,-73.8922,0.096
12523,42.0904,-73.7606,0.114
12522,41.7314,-73.5927,0.119
12521,42.1674,-73.6526,0.081
12520,41.4335,-74.0007,0.067
12518,41.4101,-74.0323,0.058
12516,42.1072,-73.5568,0.138
12515,41.6826,-74.0633,0.1
12514,41.871,-73.7617,0.069
12508,41.4932,-73.959,0.125
12507,42.0029,-73.9224,0.083
12504,42.0128,-73.9086,0.181
12503,42.0391,-73.577,0.11
12502,42.0789,-73.6551,0.121
12501,41.8563,-73.5604,0.118
12498,42.0495,-74.1059,0.088
12496,42.3263,-74.2693,0.08
12495,42.1044,-74.219,0.069
12494,41.9572,-74.2816,0.093
12492,42.1875,-74.3359,0.076
12491,41.9752,-74.1359,0.079
12489,41.7589,-74.3578,0.131
12487,41.8606,-73.9942,0.101
12486,41.8337,-74.0642,0.088
12485,42.205,-74.1121,0.036
12484,41.8712,-74.1753,0.106
12482,42.2695,-73.9616,0.074
12481,41.9815,-74.211,0.076
12480,42.1362,-74.3777,0.092
12477,42.0847,-73.9959,0.115
12474,42.3001,-74.5755,0.159
12472,41.8482,-74.0709,0.116
12470,42.2888,-74.0335,0.14
12469,42.4453,-74.2416,0.058
12468,42.2969,-74.41,0.151
12466,41.9077,-73.9768,0.059
12465,42.1481,-74.4868,0.094
12464,42.0363,-74.3505,0.102
12463,42.2004,-74.0184,0.101
12461,41.9086,-74.2692,0.095
12460,42.425,-74.1665,0.193
12458,41.8221,-74.4173,0.138
12455,42.1444,-74.6581,0.163
12454,42.2868,-74.1504,0.142
12452,42.2403,-74.3658,0.11
12451,42.304,-73.9505,0.052
12449,41.9946,-73.9934,0.146
12446,41.7932,-74.3186,0.151
12443,41.934,-74.0863,0.074
12442,42.2131,-74.2339,0.203
12440,41.7872,-74.1623,0.14
12439,42.2768,-74.2134,0.068
12434,42.3519,-74.479,0.17
12433,42.0052,-74.1558,0.136
12432,42.0436,-73.9478,0.098
12431,42.3577,-74.0192,0.143
12430,42.2023,-74.5034,0.111
12429,41.8278,-73.9656,0.224
12428,41.7341,-74.4416,0.144
12424,42.2468,-74.1445,0.113
12423,42.3836,-74.118,0.141
12422,42.3935,-74.2041,0.092
12420,41.6733,-74.3858,0.085
12419,41.8569,-74.1012,0.23
12418,42.36,-74.1572,0.112
12417,41.91,-73.9917,0.101
12416,42.0988,-74.2841,0.157
12414,42.2202,-73.9206,0.173
12413,42.314,-74.0249,0.21
12412,42.0091,-74.277,0.171
12410,42.0707,-74.453,0.078
12409,42.053,-74.1658,0.125
12407,42.3021,-74.3437,0.039
12404,41.8133,-74.2354,0.106
12401,41.9383,-73.9996,0.152
12309,42.7993,-73.8696,0.072
12308,42.8215,-73.9207,0.165
12307,42.8052,-73.9333,0.333
12306,42.8077,-74.0308,0.098
12305,42.8146,-73.9432,0.225
12304,42.7708,-73.8965,0.147
12303,42.7494,-73.9267,0.112
12302,42.8835,-73.9846,0.082
12211,42.7085,-73.765,0.062
12210,42.6586,-73.7578,0.218
12209,42.6377,-73.7897,0.169
12208,42.6528,-73.8082,0.143
12207,42.6565,-73.7459,0.32
12206,42.6761,-73.7863,0.307
12205,42.7187,-73.8286,0.1
12204,42.6871,-73.7294,0.166
12203,42.6818,-73.8494,0.149
12202,42.6325,-73.7629,0.304
12198,42.6753,-73.634,0.065
12197,42.6092,-74.7281,0.104
12196,42.6319,-73.6165,0.06
12194,42.5284,-74.4612,0.116
12193,42.5168,-74.0464,0.088
12192,42.409,-73.8211,0.047
12190,43.475,-74.2736,0.164
12189,42.7357,-73.7163,0.145
12188,42.82,-73.6958,0.098
12187,42.6159,-74.4604,0.113
12186,42.6272,-73.9725,0.076
12185,42.8887,-73.5498,0.045
12184,42.4235,-73.6545,0.069
12183,42.7478,-73.6924,0.131
12182,42.8009,-73.6352,0.174
12180,42.7497,-73.6025,0.17
12175,42.5534,-74.5686,0.202
12173,42.3808,-73.7608,0.095
12172,42.2861,-73.7392,0.172
12170,42.9989,-73.6615,0.094
12168,42.5592,-73.3795,0.132
12167,42.4205,-74.5922,0.137
12166,42.8404,-74.4585,0.135
12164,43.6108,-74.4119,0.062
12160,42.7606,-74.3798,0.094
12159,42.6437,-73.8867,0.058
12158,42.5412,-73.8185,0.075
12157,42.6687,-74.2956,0.091
12156,42.4763,-73.7424,0.1
12155,42.5909,-74.826,0.123
12154,42.9407,-73.5987,0.099
12153,42.637,-73.4741,0.071
12151,42.9256,-73.7878,0.07
12150,42.8765,-74.0502,0.058
12149,42.6212,-74.5671,0.132
12148,42.8346,-73.8474,0.038
12147,42.5149,-74.154,0.087
12144,42.6271,-73.7197,0.126
12143,42.4859,-73.8513,0.112
12140,42.6924,-73.5628,0.052
12139,43.5891,-74.5891,0.062
12138,42.7352,-73.366,0.075
12137,42.8566,-74.129,0.09
12136,42.4334,-73.5589,0.037
12134,43.2676,-74.224,0.089
12132,42.4719,-73.6322,0.289
12131,42.4656,-74.463,0.11
12130,42.4472,-73.6565,0.045
12125,42.477,-73.4063,0.111
12124,42.4461,-73.7889,0.076
12123,42.5224,-73.605,0.094
12122,42.5492,-74.3173,0.155
12121,42.847,-73.6054,0.098
12120,42.4605,-74.1428,0.065
12118,42.9233,-73.7234,0.097
12117,43.1626,-74.2385,0.08
12116,42.5368,-74.9153,0.133
12110,42.7541,-73.7758,0.085
12108,43.4699,-74.427,0.166
12106,42.3884,-73.712,0.08
12095,43.0475,-74.4289,0.12
12094,42.8945,-73.4909,0.088
12093,42.4953,-74.6321,0.119
12092,42.701,-74.3793,0.131
12090,42.8793,-73.3575,0.109
12087,42.4338,-73.9045,0.052
12086,43.0007,-74.0999,0.109
12085,42.7013,-73.9679,0.147
12084,42.7029,-73.9005,0.12
12083,42.4261,-74.0301,0.061
12078,43.1236,-74.3623,0.176
12077,42.5953,-73.7835,0.083
12076,42.409,-74.386,0.098
12075,42.301,-73.6441,0.087
12074,43.0489,-74.0436,0.064
12072,42.8836,-74.3653,0.13
12071,42.564,-74.427,0.134
12070,42.9816,-74.254,0.117
12068,42.9567,-74.4061,0.094
12067,42.5579,-73.9253,0.041
12066,42.7828,-74.3077,0.094
12065,42.853,-73.7864,0.077
12064,42.5966,-74.6559,0.145
12062,42.5278,-73.5066,0.098
12061,42.5986,-73.6561,0.064
12060,42.414,-73.4927,0.104
12059,42.614,-74.0577,0.064
12058,42.3514,-73.9253,0.105
12057,42.9689,-73.3461,0.065
12056,42.7679,-74.0934,0.078
12054,42.6076,-73.871,0.071
12053,42.7571,-74.1882,0.081
12052,42.7538,-73.4759,0.116
12051,42.3473,-73.8469,0.096
12047,42.7837,-73.7248,0.144
12046,42.4935,-73.9139,0.096
12043,42.7016,-74.5242,0.148
12041,42.5749,-73.9659,0.061
12037,42.3416,-73.5685,0.096
12036,42.5359,-74.689,0.141
12035,42.7297,-74.3683,0.147
12033,42.5386,-73.7069,0.086
12032,43.2586,-74.5543,0.057
12031,42.7661,-74.4782,0.143
12029,42.4056,-73.4262,0.106
12028,42.9499,-73.4442,0.041
12027,42.9226,-73.9087,0.063
12025,43.0898,-74.1443,0.102
12023,42.6066,-74.1652,0.058
12022,42.6613,-73.341,0.09
12020,43.0025,-73.869,0.095
12019,42.9295,-73.883,0.067
12018,42.6243,-73.5629,0.053
12017,42.3196,-73.4628,0.049
12015,42.285,-73.8261,0.112
12010,42.94,-74.1755,0.12
12009,42.6987,-74.0336,0.093
12008,42.8568,-73.9018,0.092
11980,40.8322,-72.9218,0.056
11978,40.8297,-72.6423,0.069
11977,40.8249,-72.6794,0.121
11976,40.9282,-72.3427,0.036
11975,40.9437,-72.2458,0.134
11972,40.8199,-72.7005,0.062
11971,41.0598,-72.4277,0.065
11968,40.9059,-72.4111,0.081
11967,40.7976,-72.8752,0.071
11964,41.058,-72.3158,0.039
11963,40.9867,-72.3132,0.046
11961,40.8921,-72.8798,0.082
11960,40.8075,-72.7092,0.067
11957,41.1518,-72.2634,0.06
11956,40.9688,-72.4613,0.099
11955,40.8084,-72.8238,0.107
11954,41.0415,-71.9556,0.071
11953,40.8843,-72.9495,0.127
11952,40.9963,-72.5437,0.079
11951,40.7677,-72.8399,0.13
11950,40.8089,-72.8476,0.085
11949,40.8636,-72.7929,0.052
11948,40.9678,-72.5576,0.059
11946,40.8813,-72.5305,0.033
11944,41.1037,-72.3738,0.116
11942,40.8592,-72.5854,0.044
11941,40.8276,-72.7163,0.059
11940,40.8102,-72.7579,0.06
11939,41.1293,-72.3422,0.091
11937,41.0044,-72.1866,0.054
11935,41.0171,-72.4894,0.073
11934,40.8027,-72.7956,0.057
11933,40.9272,-72.7558,0.094
11932,40.9392,-72.3029,0.038
11901,40.9249,-72.6485,0.1
11804,40.7575,-73.457,0.044
11803,40.7825,-73.4737,0.037
11801,40.7629,-73.5239,0.042
11798,40.7515,-73.371,0.163
11797,40.8177,-73.4701,0.045
11796,40.7351,-73.1011,0.083
11795,40.7093,-73.2983,0.045
11793,40.6485,-73.5168,0.032
11792,40.9484,-72.83,0.038
11791,40.8254,-73.5068,0.038
11790,40.9064,-73.1281,0.067
11789,40.9569,-72.9717,0.071
11788,40.8182,-73.213,0.059
11787,40.8535,-73.2098,0.052
11786,40.9473,-72.8863,0.039
11784,40.8691,-73.0424,0.054
11783,40.6734,-73.4931,0.047
11782,40.7371,-73.0807,0.061
11780,40.8922,-73.1691,0.05
11779,40.8132,-73.115,0.078
11778,40.9433,-72.9296,0.078
11777,40.9492,-73.0614,0.07
11776,40.9129,-73.0455,0.057
11772,40.7618,-72.9705,0.076
11771,40.8668,-73.5216,0.054
11769,40.7377,-73.13,0.063
11768,40.9095,-73.3235,0.059
11767,40.8439,-73.1437,0.053
11766,40.9326,-73.0146,0.038
11765,40.8823,-73.5569,0.039
11764,40.9343,-72.9752,0.049
11763,40.8247,-72.9834,0.061
11762,40.683,-73.447,0.042
11758,40.6679,-73.4601,0.048
11757,40.6904,-73.3739,0.065
11756,40.7253,-73.5167,0.037
11755,40.8588,-73.1168,0.061
11754,40.8867,-73.2494,0.073
11753,40.7901,-73.5401,0.044
11752,40.7567,-73.1747,0.054
11751,40.7335,-73.2143,0.056
11749,40.807,-73.1703,0.027
11747,40.7841,-73.4098,0.055
11746,40.8138,-73.36,0.053
11743,40.8785,-73.4245,0.057
11742,40.81,-73.0413,0.068
11741,40.7946,-73.0703,0.058
11740,40.8652,-73.3617,0.075
11739,40.7281,-73.1607,0.05
11738,40.8377,-73.0381,0.043
11735,40.733,-73.4287,0.052
11733,40.9343,-73.1055,0.034
11732,40.8437,-73.5378,0.048
11731,40.8623,-73.3173,0.059
11730,40.7217,-73.1753,0.053
11729,40.7625,-73.3218,0.082
11727,40.8794,-73.0031,0.084
11726,40.681,-73.3966,0.054
11725,40.8403,-73.2809,0.052
11724,40.8654,-73.4524,0.027
11722,40.7833,-73.1949,0.073
11721,40.8917,-73.3698,0.062
11720,40.8705,-73.0822,0.054
11719,40.7812,-72.9092,0.083
11718,40.719,-73.2634,0.034
11717,40.7838,-73.2523,0.022
11716,40.7714,-73.1268,0.062
11715,40.7498,-73.0355,0.044
11714,40.7423,-73.4863,0.046
11713,40.7781,-72.9429,0.131
11710,40.677,-73.5348,0.052
11709,40.9076,-73.5598,0.05
11706,40.7294,-73.2601,0.063
11705,40.747,-73.0539,0.06
11704,40.7173,-73.3605,0.066
11703,40.7326,-73.3257,0.064
11702,40.6234,-73.2838,0.063
11701,40.6851,-73.4126,0.097
11697,40.5576,-73.9134,0.049
11694,40.5751,-73.8518,0.1
11693,40.6125,-73.8213,0.147
11692,40.5925,-73.7941,0.235
11691,40.6005,-73.7615,0.216
11598,40.6311,-73.7123,0.052
11596,40.7594,-73.6428,0.046
11590,40.7555,-73.5745,0.063
11581,40.6519,-73.716,0.09
11580,40.6746,-73.7036,0.087
11579,40.8441,-73.6435,0.067
11577,40.7824,-73.6391,0.048
11576,40.7977,-73.6469,0.04
11575,40.6801,-73.5844,0.14
11572,40.6333,-73.6373,0.048
11570,40.6663,-73.6393,0.076
11568,40.7872,-73.5982,0.043
11566,40.6673,-73.5564,0.045
11565,40.6751,-73.672,0.053
11563,40.6574,-73.6738,0.069
11561,40.5891,-73.6438,0.088
11560,40.8807,-73.5896,0.051
11559,40.6078,-73.717,0.044
11558,40.6073,-73.6521,0.068
11557,40.6379,-73.692,0.05
11554,40.72,-73.5601,0.051
11553,40.707,-73.592,0.102
11552,40.6927,-73.6517,0.078
11550,40.7021,-73.6203,0.143
11548,40.8137,-73.6194,0.068
11547,40.8266,-73.6441,0.06
11545,40.826,-73.589,0.035
11542,40.8709,-73.6283,0.09
11530,40.7275,-73.6376,0.045
11520,40.6509,-73.584,0.094
11518,40.6394,-73.6668,0.055
11516,40.6258,-73.7276,0.054
11514,40.7498,-73.6122,0.088
11510,40.6542,-73.6095,0.083
11509,40.5878,-73.7287,0.038
11507,40.7709,-73.653,0.038
11501,40.7468,-73.6389,0.04
11436,40.6758,-73.7964,0.199
11435,40.7011,-73.8097,0.168
11434,40.6762,-73.7762,0.243
11433,40.6978,-73.7865,0.263
11432,40.715,-73.793,0.158
11429,40.7097,-73.7386,0.239
11428,40.7211,-73.742,0.098
11427,40.731,-73.746,0.118
11426,40.736,-73.7219,0.071
11423,40.7147,-73.7676,0.169
11422,40.6611,-73.7365,0.197
11421,40.6918,-73.8576,0.039
11420,40.6738,-73.8182,0.137
11419,40.6886,-73.823,0.142
11418,40.6996,-73.8344,0.091
11417,40.6763,-73.8451,0.092
11416,40.6846,-73.8495,0.104
11415,40.7083,-73.8306,0.105
11414,40.6583,-73.8447,0.077
11413,40.6702,-73.7513,0.21
11412,40.698,-73.7589,0.234
11411,40.6943,-73.7362,0.183
11385,40.7016,-73.8876,0.079
11379,40.717,-73.8815,0.082
11378,40.7239,-73.9073,0.079
11377,40.7446,-73.9053,0.09
11375,40.7235,-73.8435,0.098
11374,40.7243,-73.8623,0.123
11373,40.7388,-73.8781,0.107
11372,40.7517,-73.8833,0.055
11370,40.792,-73.8832,0.111
11369,40.7634,-73.8724,0.064
11368,40.75,-73.8535,0.069
11367,40.7306,-73.8222,0.12
11366,40.7311,-73.7811,0.121
11365,40.7401,-73.7944,0.127
11364,40.7465,-73.7583,0.081
11363,40.7723,-73.7465,0.065
11362,40.7569,-73.7356,0.069
11361,40.7639,-73.7716,0.089
11360,40.7807,-73.7823,0.073
11358,40.7604,-73.7962,0.085
11357,40.7862,-73.811,0.067
11356,40.7845,-73.8411,0.065
11355,40.7513,-73.8223,0.162
11354,40.7684,-73.8269,0.142
11239,40.6485,-73.8727,0.292
11238,40.6735,-73.9657,0.188
11237,40.7032,-73.9198,0.154
11236,40.64,-73.9019,0.246
11235,40.5838,-73.9487,0.161
11234,40.6083,-73.9103,0.161
11233,40.6777,-73.9197,0.298
11232,40.654,-73.9992,0.118
11231,40.6786,-74.0042,0.148
11230,40.6223,-73.9654,0.186
11229,40.6003,-73.9384,0.143
11228,40.6162,-74.0137,0.119
11226,40.6462,-73.9565,0.257
11225,40.6626,-73.9534,0.282
11224,40.5766,-73.9889,0.231
11223,40.597,-73.9737,0.165
11222,40.7281,-73.9479,0.131
11221,40.6913,-73.9282,0.249
11220,40.6411,-74.0166,0.157
11219,40.6331,-73.9963,0.199
11218,40.6434,-73.976,0.15
11217,40.6822,-73.979,0.131
11216,40.681,-73.9495,0.264
11215,40.6658,-73.9819,0.093
11214,40.5985,-73.9962,0.143
11213,40.6717,-73.9364,0.281
11212,40.663,-73.9133,0.339
11211,40.7145,-73.9449,0.168
11210,40.6277,-73.9465,0.206
11209,40.6227,-74.0302,0.127
11208,40.6744,-73.8723,0.215
11207,40.6725,-73.8942,0.258
11206,40.7022,-73.9425,0.229
11205,40.6936,-73.9636,0.244
11204,40.6187,-73.985,0.171
11203,40.6499,-73.9343,0.276
11201,40.6955,-73.988,0.137
11109,40.7452,-73.957,0.116
11106,40.7619,-73.9316,0.144
11105,40.7791,-73.9071,0.114
11104,40.7444,-73.9213,0.11
11103,40.7624,-73.9136,0.13
11102,40.7714,-73.925,0.147
11101,40.7458,-73.9386,0.169
11096,40.6198,-73.7505,0.154
11050,40.8384,-73.6907,0.06
11040,40.7457,-73.6802,0.038
11030,40.7926,-73.6886,0.05
11024,40.8164,-73.742,0.062
11023,40.7987,-73.7339,0.059
11021,40.7859,-73.7291,0.075
11020,40.771,-73.7125,0.063
11010,40.7007,-73.675,0.051
11004,40.7456,-73.7118,0.08
11003,40.7013,-73.7079,0.124
11001,40.7235,-73.7044,0.058
10998,41.3315,-74.5406,0.071
10996,41.3934,-73.9764,0.12
10994,41.0956,-73.9739,0.033
10993,41.2101,-73.9752,0.095
10992,41.4249,-74.1709,0.049
10990,41.265,-74.3664,0.077
10989,41.1229,-73.9385,0.039
10988,41.3019,-74.5619,0.042
10987,41.2075,-74.2238,0.053
10986,41.2777,-73.9953,0.044
10984,41.2088,-74.0175,0.025
10983,41.0273,-73.9478,0.028
10980,41.2335,-74.0545,0.07
10977,41.1178,-74.0482,0.185
10976,41.0267,-73.924,0.119
10974,41.1606,-74.1829,0.078
10973,41.3849,-74.4738,0.103
10970,41.1882,-74.0743,0.103
10969,41.2921,-74.4891,0.086
10968,41.0398,-73.9195,0.073
10965,41.062,-74.0128,0.065
10964,41.0164,-73.9145,0.103
10963,41.4643,-74.5435,0.097
10962,41.0486,-73.9583,0.065
10960,41.0915,-73.9252,0.115
10958,41.3746,-74.4321,0.047
10956,41.1558,-73.9925,0.061
10954,41.1006,-74.0133,0.085
10952,41.1144,-74.0793,0.191
10950,41.32,-74.1968,0.141
10941,41.4885,-74.3441,0.103
10940,41.4515,-74.4712,0.106
10933,41.359,-74.5193,0.085
10931,41.1266,-74.1709,0.096
10930,41.3647,-74.095,0.05
10928,41.3423,-74.0115,0.1
10927,41.1918,-73.9674,0.071
10926,41.3011,-74.1405,0.083
10925,41.1985,-74.298,0.068
10924,41.3784,-74.3526,0.082
10923,41.2022,-73.9997,0.068
10922,41.3314,-73.9872,0.06
10921,41.3289,-74.3648,0.082
10920,41.1541,-73.9385,0.075
10919,41.5281,-74.384,0.058
10918,41.3494,-74.2575,0.045
10917,41.3051,-74.0829,0.07
10916,41.4437,-74.2498,0.043
10913,41.0689,-73.9553,0.042
10901,41.1422,-74.122,0.063
10805,40.8987,-73.7809,0.098
10804,40.9491,-73.7867,0.04
10803,40.899,-73.8067,0.05
10801,40.9179,-73.7843,0.135
10710,40.9676,-73.8475,0.081
10709,40.956,-73.8079,0.05
10708,40.9383,-73.831,0.074
10707,40.96,-73.8227,0.088
10706,40.99,-73.8673,0.066
10705,40.9155,-73.8901,0.145
10704,40.92,-73.8632,0.09
10703,40.9592,-73.8809,0.103
10701,40.9452,-73.8811,0.158
10607,41.0392,-73.8109,0.052
10606,41.0209,-73.7761,0.078
10605,41.0107,-73.7457,0.045
10604,41.0616,-73.7379,0.086
10603,41.0563,-73.7776,0.097
10601,41.0325,-73.7649,0.149
10598,41.2838,-73.7953,0.041
10596,41.2549,-73.9593,0.127
10595,41.089,-73.7797,0.103
10594,41.1167,-73.7726,0.05
10591,41.0834,-73.8463,0.079
10590,41.2538,-73.5372,0.039
10589,41.3339,-73.6938,0.058
10588,41.3317,-73.8283,0.003
10583,40.9893,-73.7922,0.044
10580,40.9804,-73.694,0.047
10579,41.3938,-73.8361,0.055
10578,41.3162,-73.6777,0.011
10577,41.0373,-73.7137,0.119
10576,41.2137,-73.5737,0.035
10573,41.0176,-73.6776,0.052
10570,41.127,-73.7927,0.043
10567,41.2853,-73.8715,0.044
10566,41.2893,-73.9174,0.108
10562,41.1943,-73.8295,0.07
10560,41.3329,-73.6044,0.05
10553,40.9093,-73.8203,0.256
10552,40.9241,-73.8252,0.155
10550,40.9066,-73.8354,0.26
10549,41.2009,-73.7208,0.051
10548,41.2472,-73.9347,0.071
10547,41.3115,-73.8463,0.08
10543,40.9531,-73.7364,0.087
10541,41.3789,-73.7518,0.045
10538,40.9378,-73.7573,0.042
10537,41.3375,-73.8854,0.079
10536,41.2699,-73.6888,0.029
10533,41.039,-73.8551,0.043
10532,41.097,-73.8008,0.053
10530,41.0206,-73.809,0.068
10528,40.9785,-73.723,0.078
10527,41.318,-73.7634,0.062
10526,41.2925,-73.664,0.071
10524,41.3729,-73.925,0.081
10523,41.0619,-73.8167,0.098
10522,41.0123,-73.8647,0.08
10520,41.2209,-73.8732,0.086
10518,41.2683,-73.6007,0.122
10516,41.4537,-73.9019,0.055
10514,41.1735,-73.771,0.02
10512,41.4478,-73.7143,0.059
10511,41.2627,-73.9449,0.053
10510,41.1402,-73.835,0.039
10509,41.4136,-73.5955,0.057
10507,41.2277,-73.6862,0.075
10506,41.1884,-73.6336,0.039
10505,41.3421,-73.7447,0.055
10504,41.1314,-73.7062,0.024
10502,41.0118,-73.8408,0.033
10501,41.2947,-73.7594,0.026
10475,40.8753,-73.8273,0.18
10474,40.8103,-73.8847,0.197
10473,40.8184,-73.8574,0.174
10472,40.8295,-73.8692,0.189
10471,40.8996,-73.9015,0.098
10470,40.901,-73.8641,0.168
10469,40.8686,-73.847,0.191
10468,40.8673,-73.8997,0.161
10467,40.8793,-73.8729,0.219
10466,40.8908,-73.8459,0.245
10465,40.83,-73.8237,0.082
10464,40.8689,-73.801,0.066
10463,40.8801,-73.9065,0.112
10462,40.8425,-73.857,0.164
10461,40.8475,-73.8409,0.107
10460,40.8456,-73.8792,0.235
10459,40.8249,-73.893,0.172
10458,40.8619,-73.8884,0.195
10457,40.8459,-73.8994,0.224
10456,40.8299,-73.9083,0.236
10455,40.8151,-73.9089,0.202
10454,40.8054,-73.9163,0.216
10453,40.8526,-73.9136,0.211
10452,40.8383,-73.9232,0.202
10451,40.8212,-73.9248,0.211
10314,40.602,-74.1629,0.077
10312,40.547,-74.1832,0.062
10310,40.6319,-74.1168,0.118
10309,40.5304,-74.2204,0.059
10308,40.5514,-74.1455,0.076
10307,40.5075,-74.2422,0.087
10306,40.5706,-74.1252,0.076
10305,40.5958,-74.0753,0.096
10304,40.6057,-74.0943,0.142
10303,40.6325,-74.1679,0.141
10302,40.6311,-74.1377,0.113
10301,40.6281,-74.0962,0.165
10282,40.7166,-74.0143,0.086
10280,40.7086,-74.0163,0.095
10128,40.7813,-73.9509,0.1
10075,40.7736,-73.9567,0.092
10069,40.7761,-73.99,0.129
10065,40.7649,-73.9627,0.093
10044,40.7624,-73.9495,0.158
10040,40.8583,-73.9299,0.11
10039,40.8262,-73.9376,0.303
10038,40.7101,-74.0028,0.145
10037,40.814,-73.9373,0.306
10036,40.7596,-73.9891,0.142
10035,40.8021,-73.9375,0.237
10034,40.868,-73.9217,0.119
10033,40.8514,-73.9366,0.134
10032,40.8385,-73.9416,0.146
10031,40.825,-73.9498,0.186
10030,40.8182,-73.9427,0.303
10029,40.7916,-73.944,0.204
10028,40.7761,-73.9536,0.098
10027,40.8119,-73.9535,0.223
10026,40.7978,-73.955,0.247
10025,40.7988,-73.9683,0.143
10024,40.7855,-73.9709,0.094
10023,40.7757,-73.9826,0.095
10022,40.7585,-73.9678,0.078
10021,40.7699,-73.9585,0.087
10019,40.7671,-73.9824,0.131
10018,40.7558,-73.9926,0.134
10017,40.7523,-73.9733,0.089
10016,40.7456,-73.9784,0.118
10014,40.7337,-74.0063,0.108
10013,40.7207,-74.0046,0.123
10012,40.7262,-73.9979,0.131
10011,40.7414,-74.0002,0.105
10010,40.7389,-73.9811,0.117
10009,40.7265,-73.979,0.159
10007,40.7137,-74.0094,0.056
10006,40.7083,-74.0135,0.105
10005,40.706,-74.0086,0.125
10004,40.6879,-74.0198,0.11
10003,40.7317,-73.9891,0.123
10002,40.7157,-73.9865,0.186
10001,40.7506,-73.997,0.149
7421,41.1676,-74.3614,0.094
6390,41.2704,-71.987,0.099
