X,Y,ID,Case_Number,Address,Occurred_Date,Occurred_Month,Occurred_Year,Crime_Type,Multiple_Shooting,Gender,Race,Ethnicity,Victim_Age,Victim_Age_Band,Latitude,Longitude,ObjectId,Zip_code
-77.61088985,43.18416269,7b9b3c9f85a442ce6a0aa2433ab8614f,22-109240,442 Remington St,2022/06/01 04:00:00+00,6,2022,Shooting,No,M,WHITE,HISPANIC,34,25-44,43.18416269,-77.61088985,1,14621
-77.59889263,43.18179326,82e3549d4dc8a835dea7130df2dcc851,22-106950,904 Hudson Ave,2022/05/29 04:00:00+00,5,2022,Homicide,No,M,WHITE,HISPANIC,42,25-44,43.18179326,-77.59889263,2,14621
-77.6303776,43.14297014,bb9b98f90af42194e3a5b12a1ba8405f,22-106780,168 Bartlett St,2022/05/29 04:00:00+00,5,2022,Shooting,No,M,BLACK,NON HISPANIC,60,45-Older,43.14297014,-77.6303776,3,14611
-77.5806279,43.16721571,dd0ab9214578b6e0d35467f6bb7b0fc3,22-106380,720 N Goodman St,2022/05/28 04:00:00+00,5,2022,Shooting,No,M,BLACK,NON HISPANIC,28,25-44,43.16721571,-77.5806279,4,14621
-77.64197227,43.16239428,5aac53d1517de031545f178e919c35b8,22-104298,138 Murray St,2022/05/26 04:00:00+00,5,2022,Shooting,No,M,WHITE,HISPANIC,15,15-24,43.16239428,-77.64197227,5,14621
-77.62870378,43.15486861,ecf157eba2556b3fad6c0b47f3ed923a,22-104497,22 Jefferson Ave,2022/05/26 04:00:00+00,5,2022,Shooting,No,M,BLACK,NON HISPANIC,15,15-24,43.15486861,-77.62870378,6,14611
-77.56282563,43.16669846,8add03fdcd6aed1a00797f06bc60769f,22-103785,1173 Culver Rd,2022/05/25 04:00:00+00,5,2022,Shooting,No,M,BLACK,NON HISPANIC,28,25-44,43.16669846,-77.56282563,7,14609
-77.56468747,43.1589162,62907eb35d642fc1ab8bb70512c62c46,22-103905,1801 E Main St,2022/05/25 04:00:00+00,5,2022,Shooting,No,M,BLACK,NON HISPANIC,20,15-24,43.1589162,-77.56468747,8,14606
-77.6503256,43.13223858,0064b7eb5d256eb870fda3b40991448d,22-102984,58 Sheldon Ter,2022/05/24 04:00:00+00,5,2022,Shooting,No,M,BLACK,NON HISPANIC,59,45-Older,43.13223858,-77.6503256,9,14611
-77.5718866,43.17580088,9a443323217799871f4a3eaeacb828c6,22-101237,1865 Clifford Ave,2022/05/22 04:00:00+00,5,2022,Shooting,No,M,BLACK,NON HISPANIC,64,45-Older,43.17580088,-77.5718866,10,14609
-77.61295886,43.18028037,cdb3fb7acb1eac183f9649aa92e03c54,22-101394,405 Avenue D,2022/05/22 04:00:00+00,5,2022,Shooting,No,M,BLACK,NON HISPANIC,45,45-Older,43.18028037,-77.61295886,11,14609
-77.63527439,43.18146688,119a7a8ef97a8477e34cf6b0ce60881f,22-099980,121 Selye Ter,2022/05/21 04:00:00+00,5,2022,Shooting,No,M,WHITE,HISPANIC,30,25-44,43.18146688,-77.63527439,12,14619
-77.573786,43.17340684,7d87d9c0eba5f4ec6ab1f45526187dd4,22-100459,120 Cummings St,2022/05/21 04:00:00+00,5,2022,Shooting,No,M,BLACK,NON HISPANIC,20,15-24,43.17340684,-77.573786,13,14609
-77.61456707,43.17505997,23ac4d41f9c35b6aa2dd5d9f2bbeb525,22-099979,344 Clifford Ave,2022/05/21 04:00:00+00,5,2022,Shooting,No,M,BLACK,NON HISPANIC,34,25-44,43.17505997,-77.61456707,14,14621
-77.63035142,43.16071036,f0f9beeab29a5e17023b267a2c53b12a,22-099597,594 Smith St,2022/05/20 04:00:00+00,5,2022,Shooting,No,F,BLACK,NON HISPANIC,19,15-24,43.16071036,-77.63035142,15,14613
-77.62483201,43.17884696,dc260efac1088b24b840b9a278adbf0c,22-099448,1260 St Paul St,2022/05/20 04:00:00+00,5,2022,Shooting,No,M,BLACK,NON HISPANIC,33,25-44,43.17884696,-77.62483201,16,14609
-77.5839085,43.16447594,721d2bb2bf76f14edc374c522bc6f59a,22-099795,116 Garson Ave,2022/05/20 04:00:00+00,5,2022,Shooting,No,M,BLACK,NON HISPANIC,19,15-24,43.16447594,-77.5839085,17,14621
-77.59731041,43.18538057,31dea5f09642bf6c6054a3f3d24f6bba,22-099834,74 Kosciusko St,2022/05/20 04:00:00+00,5,2022,Shooting,No,F,BLACK,NON HISPANIC,23,15-24,43.18538057,-77.59731041,18,14608
-77.62267792,43.18035945,ee8fff4b1ec0d3d2b99e3b27b968d74f,22-098350,78 Avenue D,2022/05/19 04:00:00+00,5,2022,Shooting,No,M,BLACK,NON HISPANIC,23,15-24,43.18035945,-77.62267792,19,14621
-77.63311154,43.17677499,c06996645716e5c36609129c749d6a17,22-097262,40 Malvern St,2022/05/17 04:00:00+00,5,2022,Shooting,No,M,BLACK,NON HISPANIC,19,15-24,43.17677499,-77.63311154,20,14609
-77.64319234,43.17141551,15bcc8171fcb063a57eb5472599dd3db,22-097455,111 Santee St,2022/05/17 04:00:00+00,5,2022,Shooting,No,M,BLACK,NON HISPANIC,20,15-24,43.17141551,-77.64319234,21,14621
-77.62126264,43.15016761,271261c8d500b5aedc83fa171b139db0,22-095119,150 Van Auker St,2022/05/14 04:00:00+00,5,2022,Shooting,No,M,BLACK,NON HISPANIC,16,15-24,43.15016761,-77.62126264,22,14621
-77.637393,43.13866208,fca07efd6c4d55693581344c32fb20fc,22-091377,46 Melrose St,2022/05/10 04:00:00+00,5,2022,Shooting,No,M,BLACK,NON HISPANIC,41,25-44,43.13866208,-77.637393,23,14613
-77.63674091,43.18429203,362ece6b12db7c8d9274047544951f22,22-089886,232 Pierpont St,2022/05/08 04:00:00+00,5,2022,Shooting,No,M,BLACK,NON HISPANIC,19,15-24,43.18429203,-77.63674091,24,14606
-77.58225061,43.17651614,019e810b0b82b9c6308e88fe01c91c3d,22-089679,37 Ferncliffe Dr,2022/05/08 04:00:00+00,5,2022,Shooting,No,F,BLACK,NON HISPANIC,28,25-44,43.17651614,-77.58225061,25,14608
-77.60390502,43.17637242,a188d17ee179271b66ae12e782680e67,22-089670,24 Alphonse St,2022/05/08 04:00:00+00,5,2022,Shooting,No,M,BLACK,NON HISPANIC,36,25-44,43.17637242,-77.60390502,26,14619
-77.58483019,43.16791436,d7f06d033aa801037e33261bfb2bc934,22-090069,243 Fourth St,2022/05/08 04:00:00+00,5,2022,Shooting,Yes,M,BLACK,NON HISPANIC,22,15-24,43.16791436,-77.58483019,27,14613
-77.58483019,43.16791436,8479209713338385083f1f5c9bc33fa8,22-090069,243 Fourth St,2022/05/08 04:00:00+00,5,2022,Shooting,Yes,M,BLACK,NON HISPANIC,22,15-24,43.16791436,-77.58483019,28,14621
-77.62477846,43.1635691,de70786f262a1e8505417f99d09cbe1e,22-089906,610 N Plymouth Ave,2022/05/08 04:00:00+00,5,2022,Homicide,No,M,WHITE,HISPANIC,46,45-Older,43.1635691,-77.62477846,29,14621
-77.63045052,43.1550101,4ed451c00461382515481bdc9677e799,22-088948,11 Silver St,2022/05/07 04:00:00+00,5,2022,Shooting,No,M,BLACK,NON HISPANIC,17,15-24,43.1550101,-77.63045052,30,14605
-77.63472609,43.14174903,5f045d588ffcfbd283a43dd7c133d822,22-088850,512 Columbia Ave,2022/05/06 04:00:00+00,5,2022,Shooting,No,M,BLACK,NON HISPANIC,20,15-24,43.14174903,-77.63472609,31,14605
-77.59559558,43.16507779,75e967ad77c4c88b625551fc5139def9,22-088119,443 Scio St,2022/05/05 04:00:00+00,5,2022,Shooting,No,F,BLACK,NON HISPANIC,24,15-24,43.16507779,-77.59559558,32,14621
-77.6321989,43.18056851,17da40df4008b7f73899de72ec172510,22-085953,837 Lake Ave,2022/05/02 04:00:00+00,5,2022,Shooting,No,M,UNK,HISPANIC,36,25-44,43.18056851,-77.6321989,33,14621
-77.65437725,43.16803433,536d7206ea72430dc1d3309ec060ea4c,22-084941,827 Glide St,2022/05/01 04:00:00+00,5,2022,Shooting,No,M,BLACK,NON HISPANIC,53,45-Older,43.16803433,-77.65437725,34,14611
-77.63684465,43.18107974,9ef1b78d4d38f2fac21dd75f73968243,22-084991,256 Driving Park Ave,2022/05/01 04:00:00+00,5,2022,Homicide,No,M,BLACK,NON HISPANIC,28,25-44,43.18107974,-77.63684465,35,14609
-77.6393238,43.17619911,1ba993d8102c59a413bd2e86c8242bad,22-085042,620 Dewey Ave,2022/05/01 04:00:00+00,5,2022,Shooting,No,M,WHITE,NON HISPANIC,54,45-Older,43.17619911,-77.6393238,36,14606
-77.56866868,43.16599649,8eaa8c450217fc374897fe5ead30ea7e,22-084955,368 Parsells Ave,2022/05/01 04:00:00+00,5,2022,Shooting,No,F,BLACK,NON HISPANIC,28,25-44,43.16599649,-77.56866868,37,14611
-77.60755079,43.18172423,022f94842a85507ad90df5d822ea97d5,22-085090,16 Joseph Pl,2022/05/01 04:00:00+00,5,2022,Shooting,No,M,BLACK,HISPANIC,38,25-44,43.18172423,-77.60755079,38,14621
-77.63775661,43.15088207,8f9a179a893285f3ec398ceeaab56fd0,22-084265,37 York St,2022/04/30 04:00:00+00,4,2022,Shooting,No,M,BLACK,NON HISPANIC,53,45-Older,43.15088207,-77.63775661,39,14621
-77.59957657,43.16440965,39c52e3855bc6608bd86fd6ecf038191,22-084561,34 Woodward St,2022/04/30 04:00:00+00,4,2022,Shooting,No,M,BLACK,NON HISPANIC,14,14-May,43.16440965,-77.59957657,40,14611
-77.60436298,43.18333186,01eb4caf394c7d5d878b71785cc19629,22-083836,130 Weyl St,2022/04/29 04:00:00+00,4,2022,Shooting,No,F,BLACK,NON HISPANIC,27,25-44,43.18333186,-77.60436298,41,14609
-77.57695712,43.17600856,af42ee4ad0e6bebaa010dc52a6153f28,22-080669,1676 Clifford Ave,2022/04/25 04:00:00+00,4,2022,Shooting,No,M,BLACK,NON HISPANIC,26,25-44,43.17600856,-77.57695712,42,14606
-77.63152004,43.1763417,9d1d2cf08a7b7984111dc7713d2ea214,22-080946,47 Glendale Pk,2022/04/25 04:00:00+00,4,2022,Shooting,No,F,BLACK,NON HISPANIC,44,25-44,43.1763417,-77.63152004,43,14611
-77.62355831,43.15333695,08b28e9efb80117606778de9652ab605,22-080186,398 W Main St,2022/04/24 04:00:00+00,4,2022,Homicide,No,M,BLACK,NON HISPANIC,32,25-44,43.15333695,-77.62355831,44,14609
-77.6055469,43.18992499,cc7ce652fede2dd4acdac5d2d39b9315,22-078816,253 Moulson St,2022/04/23 04:00:00+00,4,2022,Shooting,No,F,WHITE,HISPANIC,10,14-May,43.18992499,-77.6055469,45,14609
-77.60713741,43.17291283,33655baf45ef1cb081edfc7071a6b59b,22-079331,488 Joseph Ave,2022/04/23 04:00:00+00,4,2022,Shooting,No,M,WHITE,NON HISPANIC,27,25-44,43.17291283,-77.60713741,46,14619
-77.63159645,43.14156061,4f9104012ff33e4dc0f247aa706fea22,22-077317,403 Columbia Ave,2022/04/20 04:00:00+00,4,2022,Shooting,No,M,BLACK,NON HISPANIC,17,15-24,43.14156061,-77.63159645,47,14609
-77.58072841,43.16695964,38e77623509fbc94041dc939963180d9,22-076281,710 N Goodman St,2022/04/19 04:00:00+00,4,2022,Shooting,No,M,BLACK,NON HISPANIC,16,15-24,43.16695964,-77.58072841,48,14621
-77.59440059,43.17556893,0b76bd590c8b6a6aaf50e406311b0ae8,22-075171,1058 Clifford Ave,2022/04/18 04:00:00+00,4,2022,Shooting,Yes,M,WHITE,HISPANIC,43,25-44,43.17556893,-77.59440059,49,14613
-77.59440059,43.17556893,406e69e1c8d970bf3321fdbbeffb2cab,22-075171,1058 Clifford Ave,2022/04/18 04:00:00+00,4,2022,Shooting,Yes,M,BLACK,NON HISPANIC,25,25-44,43.17556893,-77.59440059,50,14609
-77.62476874,43.14097303,b02cd3e5a4c16c936a95c7851da4212c,22-074805,100 Hawley St,2022/04/17 04:00:00+00,4,2022,Shooting,No,M,BLACK,NON HISPANIC,30,25-44,43.14097303,-77.62476874,51,14621
-77.62138515,43.17718279,955c73e8a42a8c14f215ce322a8da480,22-074797,44 Harris St,2022/04/17 04:00:00+00,4,2022,Shooting,No,M,WHITE,HISPANIC,26,25-44,43.17718279,-77.62138515,52,14608
-77.61183111,43.18490445,52988e77f8006673e77ffe2c742beeb1,22-075254,19 Lang St,2022/04/17 04:00:00+00,4,2022,Shooting,No,M,BLACK,NON HISPANIC,20,15-24,43.18490445,-77.61183111,53,14621
-77.63018914,43.17523297,65d2ab0b6602a84c968e6e693d37e03a,22-074133,571 Lake Ave,2022/04/16 04:00:00+00,4,2022,Shooting,No,M,WHITE,NON HISPANIC,53,45-Older,43.17523297,-77.63018914,54,14609
-77.62711511,43.14568724,9174c72da3957afaafc9158f93b1f890,22-074402,109 Cady St,2022/04/16 04:00:00+00,4,2022,Shooting,No,M,BLACK,NON HISPANIC,31,25-44,43.14568724,-77.62711511,55,14621
-77.62905386,43.17142989,11ab30c9c6d15be4d2901aba4d2d7780,22-073653,15 Phelps Ave,2022/04/15 04:00:00+00,4,2022,Homicide,Yes,M,BLACK,NON HISPANIC,43,25-44,43.17142989,-77.62905386,56,14621
-77.62905386,43.17142989,0c535d1e330e2fadb13608e3fc7d68dc,22-073653,15 Phelps Ave,2022/04/15 04:00:00+00,4,2022,Shooting,Yes,M,BLACK,NON HISPANIC,49,45-Older,43.17142989,-77.62905386,57,14613
-77.56722612,43.16685145,3cf481313395d1c654429b407174bde2,22-073955,370 Melville St,2022/04/15 04:00:00+00,4,2022,Shooting,No,M,BLACK,NON HISPANIC,15,15-24,43.16685145,-77.56722612,58,14606
-77.61578995,43.15573163,03e5cc52189eb9c5f5dc9dfdc85e3fa5,22-073987,50 N Plymouth Ave,2022/04/15 04:00:00+00,4,2022,Shooting,Yes,M,BLACK,NON HISPANIC,36,25-44,43.15573163,-77.61578995,59,14608
-77.61578995,43.15573163,67b3d26c6d3bf471ba716a3c953ad61f,22-073987,50 N Plymouth Ave,2022/04/15 04:00:00+00,4,2022,Shooting,Yes,F,BLACK,NON HISPANIC,32,25-44,43.15573163,-77.61578995,60,14619
-77.62924572,43.14265696,79b79b6d3ef206c7116ab5b7fe18a55e,22-072670,611 Jefferson Ave,2022/04/14 04:00:00+00,4,2022,Shooting,No,M,BLACK,NON HISPANIC,46,45-Older,43.14265696,-77.62924572,61,14613
-77.63121245,43.15268903,218911f4e660e3323043d3956914a450,22-071255,30 Arklow St,2022/04/12 04:00:00+00,4,2022,Shooting,No,M,BLACK,NON HISPANIC,31,25-44,43.15268903,-77.63121245,62,14621
-77.57498418,43.16605423,dd1c492a366845a4eac943db7ab23ecf,22-071052,238 Chamberlain St,2022/04/12 04:00:00+00,4,2022,Shooting,No,M,BLACK,NON HISPANIC,34,25-44,43.16605423,-77.57498418,63,14621
-77.57096812,43.16295368,8ab8ed2e50b5b075e8bc1b9fc4ca3631,22-071271,130 Cedarwood Ter,2022/04/12 04:00:00+00,4,2022,Shooting,No,F,WHITE,HISPANIC,20,15-24,43.16295368,-77.57096812,64,14605
-77.6128988,43.1528848,36e5090bea32da40850d0026453cb89b,22-071065,1 S Plymouth Ave,2022/04/12 04:00:00+00,4,2022,Shooting,No,M,BLACK,NON HISPANIC,37,25-44,43.1528848,-77.6128988,65,14605
-77.57957943,43.16924356,8a93be27b5e0e2689910be6f4438406d,22-069928,836 N Goodman Ave,2022/04/10 04:00:00+00,4,2022,Homicide,Yes,M,BLACK,NON HISPANIC,23,15-24,43.16924356,-77.57957943,66,14608
-77.57957943,43.16924356,d574fe3e79ef4c707691b98d9be5ced7,22-069928,836 N Goodman Ave,2022/04/10 04:00:00+00,4,2022,Shooting,Yes,M,BLACK,NON HISPANIC,41,25-44,43.16924356,-77.57957943,67,14611
-77.65186915,43.14525584,e3dd54c7a42124ede833f96c9e9de54d,22-069126,572 Chili Ave,2022/04/09 04:00:00+00,4,2022,Homicide,No,M,BLACK,NON HISPANIC,33,25-44,43.14525584,-77.65186915,68,14611
-77.62206122,43.17787281,2f9727a0346e7752ae8d9775620a2e4a,22-069081,100 Ave A,2022/04/09 04:00:00+00,4,2022,Homicide,No,M,BLACK,NON HISPANIC,22,15-24,43.17787281,-77.62206122,69,14605
-77.6074545,43.16030924,5bb9889a9e1d0d1055cce13e3e8f4827,22-066205,154 N Clinton Ave,2022/04/05 04:00:00+00,4,2022,Shooting,No,M,BLACK,NON HISPANIC,40,25-44,43.16030924,-77.6074545,70,14613
-77.62538552,43.14733655,f0c7a22b858d5749cfb9b1bb3aa9290a,22-065433,11 Vinewood Pl,2022/04/04 04:00:00+00,4,2022,Shooting,Yes,M,BLACK,NON HISPANIC,18,15-24,43.14733655,-77.62538552,71,14606
-77.62538552,43.14733655,53706294b5a1837dc0e136a70b588fc6,22-065433,11 Vinewood Pl,2022/04/04 04:00:00+00,4,2022,Shooting,Yes,M,BLACK,NON HISPANIC,15,15-24,43.14733655,-77.62538552,72,14613
-77.6360566,43.16173444,9287a33f9752c1a4edf829f17afabc1d,22-064489,57 Lime St,2022/04/03 04:00:00+00,4,2022,Shooting,No,F,BLACK,NON HISPANIC,51,45-Older,43.16173444,-77.6360566,73,14613
-77.63853129,43.18493299,ed157818c8ff785252dbf2099176b1d6,22-062794,1042 Dewey Ave,2022/03/31 04:00:00+00,3,2022,Shooting,No,M,BLACK,NON HISPANIC,21,15-24,43.18493299,-77.63853129,74,14609
-77.63780085,43.14529486,a5b478bedaf5f85bdb55a86f33841d6e,22-061984,43 Judson St,2022/03/30 04:00:00+00,3,2022,Shooting,No,M,BLACK,NON HISPANIC,21,15-24,43.14529486,-77.63780085,75,14621
-77.59731041,43.18538057,d36b26bd0a435ce0274c789165ea53ea,22-058607,74 Kosciusko St,2022/03/25 04:00:00+00,3,2022,Shooting,No,M,BLACK,NON HISPANIC,18,15-24,43.18538057,-77.59731041,76,14611
-77.56418022,43.17088875,00f24d10b850d02afe7b540f548d36ac,22-056428,45 Varden St,2022/03/22 04:00:00+00,3,2022,Shooting,No,M,BLACK,NON HISPANIC,26,25-44,43.17088875,-77.56418022,77,14605
-77.63247672,43.19670585,2677521f69148587f1c74c64d3873c81,22-054911,165 E Ridge Rd,2022/03/21 04:00:00+00,3,2022,Homicide,No,M,BLACK,NON HISPANIC,42,25-44,43.19670585,-77.63247672,78,14621
-77.62435793,43.12360795,4698e3c4905b621c716ee1884b592e95,22-053602,601 Elmwood Ave,2022/03/19 04:00:00+00,3,2022,Shooting,No,M,BLACK,NON HISPANIC,39,25-44,43.12360795,-77.62435793,79,14609
-77.65070369,43.13580404,a9a297dde3b43c13ca64ad78c9c15dac,22-053961,456 Thurston Rd,2022/03/19 04:00:00+00,3,2022,Shooting,No,M,BLACK,NON HISPANIC,34,25-44,43.13580404,-77.65070369,80,14613
-77.61265378,43.19398996,271b530fbafc9dc0a1b212740e0c5070,22-053599,215 E Ridge Rd,2022/03/19 04:00:00+00,3,2022,Homicide,No,M,BLACK,NON HISPANIC,32,25-44,43.19398996,-77.61265378,81,14608
-77.60738513,43.18639775,77c1661235c12e155aacd8ea04c065c5,22-052488,597 Norton St,2022/03/17 04:00:00+00,3,2022,Shooting,No,M,WHITE,HISPANIC,39,25-44,43.18639775,-77.60738513,82,14621
-77.63640405,43.15351426,9166fa2123b92ea907f730d2e3d82d53,22-051363,83 Taylor St,2022/03/16 04:00:00+00,3,2022,Shooting,No,F,BLACK,NON HISPANIC,24,15-24,43.15351426,-77.63640405,83,14605
-77.63282365,43.17144967,d6d9ed3c75d8f28c4832ea59420dead0,22-050916,41 Backus St,2022/03/15 04:00:00+00,3,2022,Shooting,No,M,BLACK,NON HISPANIC,16,15-24,43.17144967,-77.63282365,84,14611
-77.62989965,43.16045551,243d80c3aa931f16021f71237cca713d,22-049547,575 Smith St,2022/03/14 04:00:00+00,3,2022,Shooting,No,F,WHITE,NON HISPANIC,36,25-44,43.16045551,-77.62989965,85,14609
-77.65723819,43.16394473,ec6c892b3e2d9b6a5db66e03f9840d60,22-049643,219 Wetmore Pk,2022/03/14 04:00:00+00,3,2022,Homicide,No,F,BLACK,NON HISPANIC,35,25-44,43.16394473,-77.65723819,86,14621
-77.62163933,43.16301446,2d77c7a7f88bf945b5ebb20d1c12e6c7,22-048990,471 State St,2022/03/13 05:00:00+00,3,2022,Homicide,Yes,M,BLACK,NON HISPANIC,31,25-44,43.16301446,-77.62163933,87,14621
-77.62163933,43.16301446,31ab96034020bb8ddd03213977afecff,22-048990,471 State St,2022/03/13 05:00:00+00,3,2022,Homicide,Yes,M,BLACK,NON HISPANIC,28,25-44,43.16301446,-77.62163933,88,14608
-77.62163933,43.16301446,cd2fdf16b5a2f2879036bfaf0b1b617a,22-048990,471 State St,2022/03/13 05:00:00+00,3,2022,Shooting,Yes,M,BLACK,NON HISPANIC,24,15-24,43.16301446,-77.62163933,89,14621
-77.62163933,43.16301446,a9f3b9191792c4e7c4bd6de2e0bf7563,22-048990,471 State St,2022/03/13 05:00:00+00,3,2022,Shooting,Yes,M,BLACK,NON HISPANIC,23,15-24,43.16301446,-77.62163933,90,14621
-77.63165143,43.14838457,4b4db5dd88e151a4084c28d67760e04b,22-048936,18 Gladstone St,2022/03/12 05:00:00+00,3,2022,Shooting,No,M,BLACK,NON HISPANIC,32,25-44,43.14838457,-77.63165143,91,14613
-77.57026846,43.17116924,e890a6f7b5005cf2e1ff77bcbe4b55fc,22-048304,859 Bay St,2022/03/12 05:00:00+00,3,2022,Homicide,Yes,M,BLACK,NON HISPANIC,45,45-Older,43.17116924,-77.57026846,92,14608
-77.57026846,43.17116924,3f8e7cd1e5300b026d05ad7a1a9b7579,22-048304,859 Bay St,2022/03/12 05:00:00+00,3,2022,Shooting,Yes,M,BLACK,NON HISPANIC,48,45-Older,43.17116924,-77.57026846,93,14608
-77.64408081,43.16912625,2a0a0b01167924ac841c04cbacbb5b74,22-047937,184 Otis St,2022/03/11 05:00:00+00,3,2022,Homicide,No,M,BLACK,NON HISPANIC,17,15-24,43.16912625,-77.64408081,94,14608
-77.58483403,43.17541558,c511b4761b2913f7eff06bbef10dd882,22-047517,1397 Clifford Ave,2022/03/10 05:00:00+00,3,2022,Shooting,No,F,BLACK,NON HISPANIC,20,15-24,43.17541558,-77.58483403,95,14609
-77.60160923,43.18526405,842aa543302a44c65f3fdc5fd17ff07e,22-045313,25 Peckham St,2022/03/08 05:00:00+00,3,2022,Homicide,No,M,BLACK,NON HISPANIC,30,25-44,43.18526405,-77.60160923,96,14614
-77.55254829,43.16251264,df4d62b728ef7f40d054ea1b3eb7ea13,22-043625,17 Fairfax Rd,2022/03/05 05:00:00+00,3,2022,Shooting,No,M,BLACK,NON HISPANIC,19,15-24,43.16251264,-77.55254829,97,14614
-77.63390522,43.13871776,f97bbd36ea796a355db520b9e24842d5,22-042888,171 Shelter St,2022/03/04 05:00:00+00,3,2022,Shooting,No,M,BLACK,NON HISPANIC,22,15-24,43.13871776,-77.63390522,98,14611
-77.61453847,43.1819789,21adc93bdab44df1f497d0b20e45725f,22-038623,57 Rialto St,2022/02/26 05:00:00+00,2,2022,Homicide,No,M,WHITE,HISPANIC,41,25-44,43.1819789,-77.61453847,99,14611
-77.61310545,43.17296273,079286b6844bf25fa903f81ea994ca09,22-038748,799 N Clinton Ave,2022/02/26 05:00:00+00,2,2022,Shooting,Yes,M,BLACK,NON HISPANIC,32,25-44,43.17296273,-77.61310545,100,14609
-77.61310545,43.17296273,1d15e839d5c6ae90338934d9bb2a62a1,22-038748,799 N Clinton Ave,2022/02/26 05:00:00+00,2,2022,Shooting,Yes,M,BLACK,NON HISPANIC,34,25-44,43.17296273,-77.61310545,401,14609
-77.61796637,43.18046288,33a15edeafcf9ce9c9a92b922e704349,22-037626,236 Avenue D,2022/02/24 05:00:00+00,2,2022,Shooting,No,M,WHITE,HISPANIC,48,45-Older,43.18046288,-77.61796637,402,14614
-77.6004679,43.17737966,87166cd159d35b1649584e56be127eba,22-036157,196 Bernard St,2022/02/23 05:00:00+00,2,2022,Shooting,No,M,BLACK,NON HISPANIC,42,25-44,43.17737966,-77.6004679,403,14609
-77.59367806,43.16137543,45a8653d80f31f1de5111cf107d87e3e,22-036532,153 N Union St,2022/02/23 05:00:00+00,2,2022,Shooting,Yes,M,BLACK,NON HISPANIC,29,25-44,43.16137543,-77.59367806,404,14609
-77.59367806,43.16137543,6bca30532f89464d9845cb356e7c1113,22-036532,153 N Union St,2022/02/23 05:00:00+00,2,2022,Shooting,Yes,M,BLACK,NON HISPANIC,33,25-44,43.16137543,-77.59367806,405,14611
-77.62830566,43.13489226,4df8c8b7d1190d6225738051d63fb8f9,22-036693,202 Cottage St,2022/02/23 05:00:00+00,2,2022,Shooting,No,M,BLACK,NON HISPANIC,18,15-24,43.13489226,-77.62830566,406,14621
-77.64842316,43.16709225,97afcac404debda9baaa2623a06e4368,22-036747,116 Burrows St,2022/02/23 05:00:00+00,2,2022,Shooting,No,M,BLACK,NON HISPANIC,19,15-24,43.16709225,-77.64842316,407,14604
-77.58957659,43.18149375,210d442990f85966f905f0155cce7821,22-034641,337 Roycroft Dr,2022/02/21 05:00:00+00,2,2022,Shooting,No,F,BLACK,NON HISPANIC,38,25-44,43.18149375,-77.58957659,408,14608
-77.57233491,43.17068166,f2ec59d9e707565078d5a60d28e3ff40,22-035276,54 Wendell St,2022/02/21 05:00:00+00,2,2022,Shooting,No,M,BLACK,NON HISPANIC,24,15-24,43.17068166,-77.57233491,409,14608
-77.60889454,43.16730939,5e350c21827964f1254b0971d2e4ee16,22-034085,320 Kelly St,2022/02/20 05:00:00+00,2,2022,Shooting,No,M,BLACK,NON HISPANIC,26,25-44,43.16730939,-77.60889454,410,14606
-77.62911978,43.17309351,296931e0a44ed36a27dd805e99d7cef2,22-034289,1 Twin Beeches,2022/02/20 05:00:00+00,2,2022,Shooting,No,M,BLACK,NON HISPANIC,19,15-24,43.17309351,-77.62911978,411,14613
-77.63846678,43.20239746,d555ed1fbb57c301d5977d8e06d551ca,22-034354,1894 Dewey Ave,2022/02/20 05:00:00+00,2,2022,Shooting,No,M,BLACK,NON HISPANIC,18,15-24,43.20239746,-77.63846678,412,14611
-77.64159001,43.1660195,a68ba8624537a4be6fbb23d2082598b5,22-032584,61 Myrtle St,2022/02/17 05:00:00+00,2,2022,Shooting,No,M,BLACK,NON HISPANIC,30,25-44,43.1660195,-77.64159001,413,14621
-77.60928241,43.18107053,843c5ea7a9f85e52103b759bcde53a57,22-030691,55 Pardee St,2022/02/15 05:00:00+00,2,2022,Shooting,No,M,BLACK,NON HISPANIC,34,25-44,43.18107053,-77.60928241,414,14609
-77.60927908,43.18139786,bd8fcc00ca18eed5ede7b717215a97e8,22-030176,56 Pardee St,2022/02/14 05:00:00+00,2,2022,Homicide,No,M,BLACK,NON HISPANIC,18,15-24,43.18139786,-77.60927908,415,14615
-77.6593118,43.14054928,7205148c5b2bea877695ceed48a2c1f8,22-029632,303 Roxborough Rd,2022/02/13 05:00:00+00,2,2022,Shooting,No,M,BLACK,NON HISPANIC,16,15-24,43.14054928,-77.6593118,416,14642
-77.59061732,43.1757512,241a5e3a94393501d472a07c573e16cd,22-026130,540 Portland Ave,2022/02/09 05:00:00+00,2,2022,Homicide,No,M,BLACK,NON HISPANIC,24,15-24,43.1757512,-77.59061732,417,14619
-77.6321527,43.1588689,579fe0ce8fcaf70c1254ce780b323a46,22-026164,230 Saxton St,2022/02/09 05:00:00+00,2,2022,Shooting,No,M,BLACK,NON HISPANIC,25,25-44,43.1588689,-77.6321527,418,14621
-77.6420558,43.17714268,fb106052e83abbb2ecfb2743b2e10f03,22-020165,452 Glenwood Ave,2022/02/01 05:00:00+00,2,2022,Shooting,No,M,BLACK,NON HISPANIC,21,15-24,43.17714268,-77.6420558,419,14621
-77.63901906,43.16452956,c194fb93ce17fc321466cbaf15109598,22-014401,453 Lyell Ave,2022/01/23 05:00:00+00,1,2022,Homicide,No,F,BLACK,NON HISPANIC,32,25-44,43.16452956,-77.63901906,420,14611
-77.62735723,43.1436132,960034658b24ed8cdd0efb17ee5566ff,22-012596,311 Frost Ave ,2022/01/20 05:00:00+00,1,2022,Shooting,No,M,BLACK,NON HISPANIC,51,45-Older,43.1436132,-77.62735723,421,14608
-77.61387505,43.18199882,53e3a13fd3cbf6033ba6e5836b067b00,22-011423,1233 N Clinton Ave,2022/01/19 05:00:00+00,1,2022,Homicide,Yes,M,WHITE,HISPANIC,30,25-44,43.18199882,-77.61387505,422,14608
-77.61387505,43.18199882,179662b3a4bad1b3b7ba308400a246bd,22-011423,1233 N Clinton Ave,2022/01/19 05:00:00+00,1,2022,Shooting,Yes,M,WHITE,HISPANIC,41,25-44,43.18199882,-77.61387505,423,14606
-77.61387505,43.18199882,e82c2310d45d6c41fbf4112f8ad833b6,22-011423,1233 N Clinton Ave,2022/01/19 05:00:00+00,1,2022,Shooting,Yes,M,WHITE,HISPANIC,56,45-Older,43.18199882,-77.61387505,424,14608
-77.62687918,43.16517331,1574c90243b254f0c9bf441ba3bdbb44,22-011503,719 S Plymouth Ave,2022/01/19 05:00:00+00,1,2022,Shooting,No,M,BLACK,NON HISPANIC,31,25-44,43.16517331,-77.62687918,425,14608
-77.63162018,43.17631463,d0f1d68810596654a60356005c09e307,22-007628,45 Glendale Pk,2022/01/13 05:00:00+00,1,2022,Shooting,Yes,F,BLACK,NON HISPANIC,3,0-4,43.17631463,-77.63162018,426,14608
-77.63162018,43.17631463,dc20bccb86acc2328aadd66071e35b3d,22-007628,45 Glendale Pk,2022/01/13 05:00:00+00,1,2022,Shooting,Yes,F,BLACK,NON HISPANIC,31,25-44,43.17631463,-77.63162018,427,14608
-77.63162018,43.17631463,d1eb796153e4dfa205c476529f7d6030,22-007628,45 Glendale Pk,2022/01/13 05:00:00+00,1,2022,Shooting,Yes,M,BLACK,NON HISPANIC,28,25-44,43.17631463,-77.63162018,428,14611
-77.63949889,43.17112429,5f399457428bdc571c4c3d366d29ad21,22-007255,353 Sherman St,2022/01/12 05:00:00+00,1,2022,Shooting,No,M,BLACK,NON HISPANIC,31,25-44,43.17112429,-77.63949889,429,14609
-77.61650099,43.17834727,665da49c78e4f9ff58a471e029453ab5,22-005637,19 Hollenbeck St,2022/01/10 05:00:00+00,1,2022,Shooting,No,M,BLACK,NON HISPANIC,36,25-44,43.17834727,-77.61650099,430,14609
-77.62325107,43.22037523,3503ee2f4806b3f7dbfb4cf64e61b467,22-004930,185 Burley Rd,2022/01/09 05:00:00+00,1,2022,Shooting,No,F,WHITE,NON HISPANIC,61,45-Older,43.22037523,-77.62325107,431,14606
-77.65145257,43.14976604,9cf729d34028e2cd6786b30715ab3e9f,22-004000,493 West Ave,2022/01/07 05:00:00+00,1,2022,Shooting,No,M,BLACK,NON HISPANIC,17,15-24,43.14976604,-77.65145257,432,14621
-77.59420801,43.17626459,170cc2716dcda68d990e13f160eb8e6d,22-002983,367 Alphonse St,2022/01/05 05:00:00+00,1,2022,Shooting,No,M,BLACK,NON HISPANIC,45,45-Older,43.17626459,-77.59420801,433,14621
-77.65364718,43.14552109,8413049a1673e7652bc9a496b9822f8b,22-002302,211 Depew St,2022/01/04 05:00:00+00,1,2022,Shooting,No,M,BLACK,NON HISPANIC,43,25-44,43.14552109,-77.65364718,434,14609
-77.63201202,43.16008046,1cb272c96a18d27465d921e5df6df93a,22-002409,290 Saxton St,2022/01/04 05:00:00+00,1,2022,Shooting,No,M,BLACK,NON HISPANIC,15,15-24,43.16008046,-77.63201202,435,14611
-77.60391714,43.15987723,11e489af1ae332d6ea0af7061c782115,22-001016,125 North St,2022/01/02 05:00:00+00,1,2022,Homicide,No,M,BLACK,NON HISPANIC,14,14-May,43.15987723,-77.60391714,436,14621
-77.62682131,43.14103651,1870a76a0d379ac9e58736f51974dbaf,22-000125,204 Hawley St,2022/01/01 05:00:00+00,1,2022,Shooting,No,M,BLACK,NON HISPANIC,30,25-44,43.14103651,-77.62682131,437,14605
